neighbourhood,property_type,room_type,accommodates,bathrooms,bedrooms,beds,bed_type,price
22,7,0,4,1.5,2.0,3.0,4,250.0
22,0,1,2,1.0,1.0,1.0,4,65.0
22,0,1,2,1.0,1.0,1.0,4,65.0
22,7,1,2,1.5,1.0,2.0,4,79.0
22,3,1,2,1.0,1.0,1.0,4,75.0
22,7,1,2,2.0,1.0,1.0,4,75.0
22,3,1,2,1.0,1.0,2.0,4,58.0
22,0,0,5,1.0,2.0,2.0,4,229.0
22,7,1,2,1.0,1.0,1.0,4,60.0
22,7,1,1,1.0,1.0,1.0,4,57.0
22,3,0,4,1.0,2.0,2.0,4,93.0
22,0,0,5,1.0,2.0,3.0,4,150.0
22,7,0,2,1.5,2.0,2.0,4,145.0
22,0,1,1,0.0,1.0,1.0,4,60.0
22,7,1,4,1.0,1.0,3.0,4,165.0
22,3,1,2,1.0,1.0,1.0,4,75.0
22,7,1,1,1.0,1.0,1.0,4,49.0
22,12,1,1,2.5,1.0,1.0,4,40.0
22,7,0,3,1.0,0.0,2.0,4,120.0
22,0,1,2,0.0,1.0,1.0,4,70.0
22,7,0,5,3.5,4.0,3.0,4,175.0
22,7,1,2,1.5,1.0,1.0,4,95.0
22,0,1,2,1.0,1.0,1.0,4,90.0
22,7,1,2,1.0,1.0,1.0,4,95.0
22,0,1,2,1.0,1.0,2.0,4,100.0
22,7,1,2,1.0,1.0,1.0,4,67.0
22,3,1,1,1.0,1.0,1.0,4,55.0
22,0,0,6,1.0,2.0,2.0,4,200.0
22,0,0,4,1.0,1.0,2.0,4,150.0
22,7,1,1,1.0,1.0,1.0,4,49.0
22,7,1,1,1.5,1.0,1.0,4,75.0
22,7,0,4,1.0,1.0,2.0,4,110.0
22,7,0,16,1.0,3.0,5.0,4,125.0
22,7,0,16,2.5,3.0,7.0,4,200.0
22,7,1,2,2.0,1.0,1.0,4,75.0
22,7,1,1,1.0,1.0,1.0,4,78.0
22,0,1,4,1.0,1.0,2.0,4,50.0
22,0,1,1,1.0,1.0,1.0,4,60.0
22,7,1,1,1.5,1.0,1.0,4,45.0
22,7,0,4,1.0,2.0,2.0,4,145.0
22,7,1,2,2.0,1.0,1.0,4,45.0
22,7,1,2,1.5,1.0,1.0,4,85.0
22,7,1,1,1.0,1.0,1.0,4,75.0
22,7,1,2,2.0,1.0,1.0,4,50.0
22,7,1,1,2.5,1.0,1.0,4,45.0
22,7,1,2,1.0,1.0,1.0,4,60.0
22,0,0,3,1.0,1.0,1.0,4,95.0
22,0,0,2,1.0,0.0,1.0,4,89.0
22,0,0,3,1.0,0.0,2.0,4,110.0
22,7,0,7,2.0,3.0,3.0,4,285.0
17,0,0,4,1.0,1.0,1.0,4,140.0
17,0,1,2,1.0,1.0,1.0,4,70.0
17,7,1,2,1.0,1.0,1.0,4,95.0
17,1,1,2,1.0,1.0,1.0,4,55.0
17,0,1,2,1.0,1.0,1.0,4,80.0
17,7,1,2,1.0,1.0,1.0,4,120.0
17,0,1,2,1.0,1.0,1.0,4,65.0
17,0,1,4,1.0,1.0,2.0,4,100.0
17,7,1,1,1.0,1.0,1.0,4,60.0
17,0,1,2,1.0,1.0,1.0,4,63.0
17,10,1,2,1.0,1.0,1.0,4,75.0
17,7,1,2,1.0,1.0,1.0,4,65.0
17,0,1,1,1.0,1.0,1.0,4,110.0
17,7,1,2,1.0,1.0,1.0,4,46.0
17,0,1,3,1.0,1.0,1.0,4,75.0
17,0,1,2,1.5,1.0,1.0,4,62.0
17,3,1,2,1.5,1.0,1.0,4,69.0
17,0,1,2,1.0,1.0,1.0,4,69.0
17,7,1,2,2.0,1.0,1.0,4,73.0
17,0,1,1,1.0,1.0,1.0,4,85.0
17,0,1,2,2.0,1.0,1.0,4,120.0
17,7,1,2,3.5,1.0,2.0,4,125.0
17,0,1,1,1.0,1.0,1.0,3,70.0
17,3,1,2,1.0,1.0,1.0,4,100.0
17,3,1,2,1.0,1.0,1.0,4,61.0
17,7,1,4,1.0,1.0,2.0,4,125.0
17,0,1,2,1.0,1.0,1.0,4,100.0
17,0,1,1,1.0,1.0,1.0,4,27.0
17,0,1,2,1.0,1.0,1.0,4,80.0
17,7,1,2,1.0,1.0,1.0,4,85.0
17,7,1,3,1.0,1.0,2.0,4,75.0
17,0,1,2,1.0,1.0,1.0,4,100.0
17,0,1,1,1.0,1.0,1.0,4,40.0
17,7,1,1,1.0,1.0,1.0,4,100.0
17,7,1,2,2.5,1.0,1.0,4,70.0
17,0,0,4,1.0,2.0,2.0,4,190.0
17,0,0,6,1.0,2.0,2.0,4,168.0
17,7,0,5,2.0,3.0,4.0,4,205.0
17,7,1,2,2.5,1.0,1.0,4,65.0
17,0,0,2,1.0,1.0,1.0,2,75.0
17,3,0,4,1.0,2.0,4.0,4,117.0
17,0,0,8,2.0,4.0,6.0,4,429.0
17,0,1,2,1.0,1.0,1.0,4,95.0
17,0,1,2,1.0,1.0,1.0,4,69.0
17,7,1,2,0.0,1.0,1.0,4,85.0
17,0,1,2,1.0,1.0,1.0,2,69.0
17,7,0,2,1.0,1.0,1.0,4,165.0
17,0,0,4,1.0,2.0,2.0,4,150.0
17,3,0,7,1.0,4.0,4.0,4,267.0
17,0,1,2,1.0,1.0,1.0,4,87.0
17,10,1,2,1.0,1.0,1.0,4,62.0
17,0,0,2,1.0,1.0,1.0,4,110.0
17,0,0,6,2.0,3.0,3.0,4,250.0
17,0,0,6,1.0,2.0,2.0,4,150.0
17,7,0,7,2.0,3.0,4.0,4,300.0
17,0,0,2,1.0,0.0,1.0,4,119.0
17,0,0,2,1.0,0.0,1.0,4,175.0
17,7,0,6,2.0,2.0,2.0,4,195.0
17,3,0,4,1.0,2.0,2.0,4,145.0
17,0,0,4,1.0,2.0,2.0,4,200.0
17,7,1,1,1.0,1.0,1.0,2,90.0
17,0,0,4,1.0,2.0,2.0,4,210.0
17,0,1,2,1.0,1.0,1.0,4,75.0
17,0,1,2,1.0,1.0,1.0,4,46.0
17,3,1,2,1.0,1.0,1.0,4,75.0
17,0,0,6,1.0,3.0,3.0,4,500.0
17,0,1,2,1.0,1.0,1.0,4,60.0
17,0,0,5,1.0,1.0,2.0,4,130.0
17,0,0,6,1.5,2.0,3.0,4,190.0
17,0,1,2,1.0,1.0,1.0,4,100.0
17,7,0,6,3.0,3.0,6.0,4,450.0
17,0,0,8,2.0,4.0,4.0,4,399.0
17,0,0,5,1.0,2.0,2.0,4,350.0
17,0,0,4,1.0,2.0,2.0,4,200.0
17,0,1,2,1.0,1.0,1.0,4,99.0
17,7,0,6,2.0,3.0,4.0,4,295.0
17,0,1,2,1.0,1.0,1.0,4,107.0
17,0,1,1,1.0,1.0,1.0,4,69.0
17,0,1,2,1.0,1.0,1.0,4,76.0
17,0,0,2,1.0,1.0,1.0,4,75.0
17,7,1,1,1.0,1.0,1.0,4,55.0
17,0,1,2,1.0,1.0,2.0,4,65.0
17,3,1,2,1.5,1.0,1.0,4,59.0
17,7,1,2,1.0,1.0,1.0,4,88.0
17,7,0,5,2.0,4.0,3.0,4,164.0
17,7,0,2,1.0,0.0,1.0,4,90.0
17,0,0,4,2.0,2.0,2.0,4,185.0
17,0,1,2,1.0,1.0,1.0,4,80.0
17,7,1,2,1.0,1.0,1.0,4,105.0
17,7,1,2,1.0,1.0,1.0,4,90.0
17,0,0,2,1.0,1.0,1.0,4,100.0
17,0,0,5,1.5,2.0,3.0,4,200.0
17,0,0,8,1.5,4.0,4.0,4,300.0
17,7,1,2,1.0,1.0,1.0,4,60.0
17,0,0,6,1.0,3.0,3.0,4,319.0
17,0,1,2,1.0,1.0,1.0,4,85.0
17,3,1,2,2.0,1.0,1.0,4,70.0
17,0,1,2,1.0,1.0,1.0,4,50.0
17,0,0,4,1.0,1.0,1.0,4,119.0
17,3,0,3,1.0,1.0,2.0,4,125.0
17,0,1,2,1.0,1.0,1.0,4,53.0
17,0,1,4,1.0,1.0,1.0,4,125.0
17,0,0,4,1.0,2.0,2.0,4,205.0
17,3,0,5,1.0,2.0,2.0,4,114.0
17,0,1,2,1.0,1.0,1.0,4,75.0
17,0,0,2,1.0,1.0,1.0,4,185.0
17,0,1,2,1.0,1.0,1.0,4,75.0
17,0,0,4,2.5,2.0,2.0,4,180.0
17,0,2,2,1.0,1.0,1.0,3,70.0
17,1,0,2,1.0,1.0,2.0,4,150.0
17,0,0,4,1.0,2.0,2.0,4,120.0
17,0,1,2,2.0,1.0,1.0,4,92.0
17,0,1,2,1.0,1.0,1.0,4,84.0
17,0,0,4,1.0,2.0,2.0,4,200.0
17,0,0,2,1.0,1.0,1.0,4,115.0
17,10,1,2,1.0,1.0,1.0,4,95.0
17,7,0,6,1.0,4.0,4.0,4,275.0
17,0,0,9,1.0,4.0,4.0,4,230.0
17,0,0,4,1.0,1.0,4.0,4,130.0
17,0,0,5,1.0,2.0,3.0,4,192.0
17,0,0,5,1.0,3.0,4.0,4,175.0
17,0,1,2,1.0,1.0,1.0,4,70.0
17,10,1,2,1.5,1.0,1.0,4,65.0
17,0,1,2,1.0,1.0,1.0,4,100.0
17,0,0,3,1.0,1.0,1.0,4,185.0
17,7,0,10,2.5,5.0,5.0,4,250.0
17,7,0,5,1.5,2.0,3.0,4,150.0
17,0,0,6,1.0,2.0,4.0,4,168.0
17,0,1,2,1.0,1.0,1.0,4,60.0
17,0,1,2,1.0,1.0,1.0,4,59.0
17,7,1,2,1.0,1.0,1.0,4,60.0
17,0,0,4,1.0,2.0,4.0,4,145.0
17,0,1,2,1.0,1.0,1.0,4,80.0
17,0,0,3,1.0,1.0,2.0,4,114.0
17,7,1,2,1.0,1.0,1.0,4,170.0
17,0,0,6,2.0,2.0,2.0,4,240.0
17,0,0,4,1.0,2.0,2.0,4,150.0
17,0,1,2,1.0,1.0,1.0,2,69.0
17,0,1,2,1.0,1.0,1.0,4,80.0
17,0,1,2,1.0,1.0,1.0,4,85.0
17,0,1,4,1.0,1.0,2.0,4,75.0
17,0,0,4,1.0,2.0,2.0,4,150.0
17,7,1,2,2.0,1.0,1.0,4,70.0
17,7,1,3,1.0,1.0,2.0,4,80.0
17,0,0,7,1.5,3.0,4.0,4,225.0
17,0,0,4,1.0,2.0,2.0,4,225.0
17,7,0,4,2.0,2.0,2.0,4,178.0
17,0,0,4,1.0,2.0,2.0,4,175.0
17,0,0,3,1.0,0.0,2.0,4,109.0
17,3,0,10,2.0,5.0,6.0,4,383.0
17,3,1,2,1.5,1.0,1.0,4,90.0
17,0,0,6,1.0,2.0,3.0,4,99.0
17,0,1,2,1.0,1.0,1.0,4,50.0
17,7,0,6,2.0,4.0,5.0,4,184.0
17,0,1,2,1.0,1.0,1.0,4,80.0
17,7,1,2,1.0,1.0,1.0,4,85.0
17,0,0,2,1.0,1.0,2.0,4,150.0
17,0,0,2,1.0,1.0,1.0,4,100.0
17,10,1,2,1.5,1.0,2.0,4,84.0
17,0,0,4,1.0,1.0,2.0,4,130.0
17,7,1,2,2.0,1.0,1.0,4,70.0
17,3,0,2,1.0,1.0,1.0,4,125.0
17,0,1,2,1.0,1.0,1.0,4,70.0
17,1,1,1,1.5,1.0,1.0,4,75.0
17,7,1,2,1.0,1.0,1.0,4,95.0
17,1,1,2,1.0,1.0,2.0,4,70.0
17,0,0,6,1.0,3.0,3.0,4,299.0
17,7,1,1,1.5,1.0,1.0,4,70.0
17,5,0,6,2.0,2.0,3.0,4,155.0
17,0,0,4,2.0,2.0,2.0,4,250.0
17,0,1,2,1.0,1.0,1.0,4,115.0
17,7,1,3,1.0,1.0,2.0,4,70.0
17,7,0,3,1.0,1.0,2.0,4,135.0
17,3,1,2,1.0,1.0,1.0,4,120.0
17,8,0,4,1.5,1.0,1.0,4,130.0
17,0,1,3,1.0,1.0,1.0,4,29.0
17,0,0,6,1.0,3.0,5.0,4,300.0
17,7,1,1,2.0,1.0,1.0,4,50.0
17,3,0,2,1.0,1.0,1.0,4,119.0
17,0,1,2,1.0,1.0,1.0,2,46.0
17,3,0,6,1.0,2.0,3.0,4,295.0
17,0,0,5,1.0,2.0,3.0,4,130.0
17,3,0,6,2.0,2.0,2.0,4,180.0
17,0,0,7,1.0,2.0,4.0,4,300.0
17,0,0,5,1.0,2.0,3.0,4,200.0
17,0,0,2,1.0,1.0,1.0,4,136.0
17,7,1,5,1.0,1.0,2.0,4,88.0
17,7,0,2,1.5,1.0,1.0,4,135.0
17,7,0,2,1.0,1.0,1.0,4,135.0
17,1,1,2,1.0,1.0,1.0,4,75.0
17,7,1,2,1.0,1.0,1.0,4,75.0
17,0,1,2,1.0,1.0,1.0,4,125.0
17,3,1,1,1.0,1.0,1.0,4,88.0
17,0,1,1,1.0,1.0,1.0,4,72.0
17,7,1,2,1.0,1.0,1.0,4,90.0
17,0,1,2,2.0,1.0,1.0,3,150.0
17,0,1,2,1.0,1.0,1.0,4,82.0
17,7,1,2,1.0,1.0,1.0,4,84.0
17,0,0,4,1.0,2.0,2.0,4,160.0
17,0,0,4,1.5,2.0,2.0,4,110.0
17,0,0,4,1.0,2.0,2.0,4,150.0
17,3,1,2,1.0,1.0,1.0,4,80.0
17,0,0,5,1.0,2.0,3.0,4,225.0
17,0,1,2,1.5,1.0,1.0,4,65.0
17,7,0,8,1.0,3.0,4.0,4,275.0
17,7,0,8,2.5,3.0,3.0,4,300.0
17,7,0,5,1.5,3.0,3.0,4,185.0
17,0,0,4,1.0,1.0,1.0,4,175.0
17,0,0,5,1.0,2.0,3.0,4,175.0
17,0,1,2,1.0,1.0,2.0,4,75.0
17,0,1,2,1.0,1.0,1.0,3,60.0
17,0,0,3,2.0,2.0,2.0,4,100.0
17,10,1,1,1.0,1.0,1.0,4,75.0
17,10,0,2,1.0,0.0,1.0,4,94.0
17,10,1,2,1.0,1.0,1.0,4,85.0
17,0,1,2,1.0,1.0,1.0,4,75.0
17,0,0,6,2.0,3.0,3.0,4,168.0
17,0,1,2,1.0,1.0,1.0,4,60.0
17,0,0,2,1.0,1.0,1.0,4,135.0
17,1,1,2,1.0,1.0,1.0,4,119.0
17,3,0,5,1.0,2.0,2.0,4,275.0
17,7,0,10,3.5,4.0,7.0,4,750.0
17,3,1,1,1.0,1.0,1.0,4,65.0
17,7,1,2,1.0,1.0,1.0,4,71.0
17,0,1,2,1.0,1.0,1.0,4,55.0
17,0,1,2,2.0,1.0,1.0,4,95.0
17,0,0,4,1.0,2.0,2.0,4,220.0
17,7,1,2,1.0,1.0,1.0,4,54.0
17,0,1,2,1.0,1.0,1.0,2,70.0
17,7,0,4,1.0,2.0,3.0,4,135.0
17,7,0,6,1.5,3.0,3.0,4,300.0
17,0,1,2,1.0,1.0,1.0,4,110.0
17,7,1,2,1.0,1.0,1.0,4,70.0
17,7,1,1,1.0,1.0,1.0,4,75.0
17,0,1,2,1.0,1.0,1.0,4,70.0
17,3,1,2,1.0,1.0,1.0,4,88.0
17,7,0,12,2.5,4.0,7.0,4,480.0
17,7,0,9,2.5,4.0,5.0,4,550.0
17,0,0,4,1.0,2.0,2.0,4,180.0
17,7,0,5,3.5,4.0,4.0,4,325.0
17,0,1,1,1.0,1.0,1.0,4,65.0
17,0,0,4,1.0,3.0,4.0,4,290.0
17,7,0,4,2.0,4.0,3.0,4,159.0
17,7,1,2,1.0,1.0,1.0,4,200.0
17,7,1,2,1.0,1.0,1.0,4,95.0
17,0,0,3,1.0,1.0,1.0,4,99.0
17,7,1,3,1.0,1.0,2.0,4,93.0
17,7,0,10,2.5,4.0,6.0,4,500.0
17,0,0,4,1.0,2.0,2.0,4,295.0
17,7,0,11,3.5,5.0,5.0,4,450.0
17,7,0,4,1.5,2.0,2.0,4,150.0
17,0,0,4,1.0,2.0,1.0,4,95.0
17,3,0,4,1.0,2.0,2.0,4,150.0
17,0,0,8,2.0,4.0,4.0,4,399.0
17,0,0,6,1.0,3.0,3.0,4,500.0
17,1,1,2,1.0,1.0,1.0,4,70.0
17,0,1,2,1.0,1.0,1.0,2,125.0
17,1,1,2,1.0,1.0,1.0,4,85.0
17,0,1,2,1.0,1.0,1.0,4,61.0
17,7,0,6,2.0,2.0,4.0,4,250.0
17,7,1,2,1.0,1.0,1.0,4,56.0
17,0,2,3,1.0,1.0,2.0,4,200.0
17,0,0,6,1.0,2.0,3.0,4,220.0
17,1,1,1,1.5,1.0,1.0,4,80.0
17,1,1,2,1.0,1.0,1.0,4,60.0
17,7,1,2,1.0,1.0,2.0,4,125.0
17,7,0,5,2.0,3.0,3.0,4,500.0
17,0,0,2,1.0,1.0,1.0,4,149.0
17,0,1,2,1.0,1.0,1.0,4,65.0
17,0,0,2,1.0,0.0,1.0,4,99.0
17,0,1,3,1.0,1.0,2.0,4,67.0
17,7,0,5,1.5,2.0,4.0,4,180.0
17,0,0,3,2.0,2.0,2.0,4,170.0
17,7,0,4,1.0,2.0,2.0,4,115.0
17,7,0,4,2.0,2.0,3.0,4,235.0
17,7,1,2,1.0,1.0,1.0,4,89.0
17,0,1,2,1.0,1.0,1.0,4,84.0
17,0,1,2,1.0,1.0,1.0,4,125.0
17,0,0,3,1.0,1.0,1.0,4,130.0
17,0,1,1,1.0,1.0,1.0,4,65.0
17,10,1,2,1.0,1.0,1.0,4,86.0
17,0,0,4,1.0,1.0,1.0,2,75.0
17,0,0,6,1.0,3.0,2.0,4,255.0
17,7,0,3,1.0,1.0,1.0,4,145.0
17,7,0,5,1.5,3.0,4.0,4,199.0
17,0,1,2,1.0,1.0,1.0,4,91.0
17,7,1,2,1.0,1.0,1.0,4,81.0
17,0,1,2,1.0,1.0,1.0,3,60.0
17,7,1,3,1.0,1.0,2.0,4,99.0
17,3,1,1,1.0,1.0,1.0,4,88.0
17,0,1,2,1.0,1.0,1.0,4,50.0
17,3,0,3,2.0,1.0,1.0,4,225.0
17,10,1,1,1.0,1.0,1.0,2,48.0
17,0,0,2,1.0,1.0,1.0,4,37.0
17,7,1,2,1.0,1.0,1.0,4,85.0
17,0,0,12,1.0,4.0,1.0,4,525.0
17,0,1,2,1.0,1.0,1.0,4,100.0
17,7,1,2,1.5,1.0,1.0,4,75.0
17,0,1,2,1.0,1.0,1.0,4,25.0
17,0,1,1,1.0,1.0,1.0,4,50.0
17,7,1,2,1.0,1.0,1.0,4,49.0
17,3,0,4,1.0,2.0,2.0,4,180.0
17,0,1,2,1.0,1.0,1.0,4,60.0
17,0,1,2,1.0,1.0,1.0,2,85.0
17,0,1,2,1.5,1.0,1.0,4,85.0
17,7,1,2,1.0,1.0,1.0,4,64.0
17,0,0,12,2.0,4.0,5.0,4,725.0
17,3,1,2,1.5,1.0,1.0,4,75.0
17,0,0,4,1.0,2.0,2.0,4,119.0
17,0,0,4,1.0,1.0,2.0,4,110.0
17,7,0,2,1.0,1.0,1.0,4,179.0
17,0,0,6,2.0,2.0,2.0,4,175.0
17,0,0,2,1.0,0.0,1.0,4,125.0
17,8,0,4,1.0,2.0,4.0,4,220.0
20,0,0,4,1.0,2.0,2.0,4,299.0
20,0,0,2,1.0,1.0,1.0,4,249.0
20,0,0,2,1.0,0.0,1.0,4,115.0
20,0,0,2,1.0,1.0,1.0,4,239.0
20,0,1,2,1.5,1.0,1.0,4,75.0
20,8,1,2,1.0,1.0,1.0,0,30.0
20,3,1,5,1.0,1.0,5.0,4,160.0
20,0,1,2,2.0,1.0,1.0,4,62.0
20,0,1,1,1.0,1.0,1.0,4,872.0
20,0,1,1,2.0,1.0,1.0,4,55.0
20,0,1,1,1.0,1.0,1.0,4,60.0
20,0,1,2,2.0,1.0,1.0,4,79.0
20,0,0,2,1.0,0.0,1.0,4,75.0
20,7,1,1,1.0,1.0,1.0,4,30.0
20,0,1,2,1.0,1.0,1.0,4,105.0
20,7,1,1,1.0,1.0,1.0,4,85.0
20,7,1,2,1.0,1.0,1.0,4,110.0
20,0,0,2,1.0,1.0,1.0,4,199.0
20,0,1,2,1.0,1.0,2.0,4,45.0
20,0,0,4,1.0,2.0,2.0,4,269.0
20,0,1,2,2.0,1.0,1.0,4,69.0
20,0,1,2,1.0,1.0,1.0,4,75.0
20,7,1,2,1.5,1.0,1.0,4,45.0
20,7,1,1,1.0,1.0,1.0,4,70.0
20,7,1,3,1.0,1.0,2.0,4,70.0
20,0,0,3,1.0,1.0,1.0,4,169.0
20,0,1,5,2.0,1.0,3.0,4,99.0
20,0,1,1,1.0,1.0,1.0,4,90.0
20,3,1,2,1.0,1.0,1.0,4,80.0
20,0,0,6,2.0,3.0,3.0,4,275.0
20,0,1,2,1.0,1.0,1.0,4,71.0
20,0,1,2,1.0,1.0,1.0,4,125.0
20,0,0,2,1.0,0.0,1.0,4,140.0
20,0,2,2,1.0,1.0,2.0,4,52.0
20,0,1,2,1.0,1.0,1.0,4,70.0
20,0,0,3,1.0,1.0,1.0,4,208.0
20,0,0,7,1.0,2.0,3.0,4,399.0
20,0,0,1,2.0,1.0,1.0,4,59.0
20,0,0,3,1.0,1.0,1.0,4,169.0
20,0,0,3,1.0,1.0,1.0,4,169.0
20,0,1,1,1.0,1.0,1.0,2,75.0
20,3,1,2,1.0,1.0,1.0,4,100.0
20,0,0,3,2.0,1.0,1.0,4,115.0
20,0,0,2,1.0,1.0,1.0,4,65.0
20,0,0,12,2.0,4.0,7.0,4,349.0
20,0,1,3,1.0,1.0,3.0,0,75.0
20,0,0,5,1.0,5.0,4.0,4,100.0
20,0,0,4,1.0,2.0,2.0,4,199.0
20,0,1,2,1.0,1.0,1.0,4,75.0
20,0,0,4,1.0,2.0,2.0,4,160.0
20,0,0,3,1.0,1.0,1.0,4,349.0
20,0,1,2,1.0,1.0,1.0,4,65.0
20,0,1,1,1.0,1.0,1.0,4,41.0
20,0,1,2,1.0,1.0,1.0,4,49.0
20,10,1,2,1.0,1.0,1.0,4,72.0
20,0,1,2,1.0,1.0,1.0,4,90.0
20,0,1,2,1.0,1.0,1.0,4,100.0
20,3,1,2,1.0,1.0,1.0,4,90.0
20,0,0,2,1.0,2.0,3.0,4,89.0
20,0,1,1,2.0,1.0,1.0,4,65.0
20,0,0,2,1.0,1.0,1.0,4,170.0
20,0,0,3,1.0,1.0,1.0,4,169.0
20,0,0,5,1.0,2.0,4.0,4,150.0
20,7,1,1,1.0,1.0,1.0,4,50.0
20,0,1,1,1.0,1.0,1.0,4,56.0
20,8,0,3,1.0,1.0,2.0,4,140.0
20,0,1,2,1.0,1.0,1.0,4,88.0
20,7,1,1,1.0,1.0,1.0,4,50.0
20,7,1,2,1.0,1.0,1.0,4,74.0
20,0,1,2,1.0,1.0,1.0,4,42.0
20,0,0,5,2.0,2.0,2.0,4,199.0
20,0,2,1,1.0,1.0,3.0,4,40.0
20,0,0,3,1.0,1.0,1.0,4,169.0
20,0,0,5,2.0,2.0,2.0,4,319.0
20,3,1,2,1.0,1.0,1.0,4,80.0
20,0,1,3,1.5,1.0,1.0,4,103.0
20,8,0,4,2.0,2.0,3.0,4,160.0
20,0,1,1,1.0,1.0,1.0,4,42.0
20,0,0,3,1.0,1.0,1.0,4,169.0
20,7,1,2,1.0,1.0,1.0,4,89.0
20,0,0,3,1.0,1.0,1.0,4,199.0
20,0,0,4,1.0,2.0,2.0,4,150.0
20,8,0,4,1.0,2.0,1.0,4,200.0
20,7,1,1,1.0,1.0,1.0,4,85.0
20,7,1,2,1.0,1.0,1.0,4,70.0
20,0,1,2,1.0,1.0,1.0,4,100.0
20,0,0,4,1.0,1.0,2.0,4,109.0
20,0,1,2,1.5,1.0,1.0,4,80.0
20,0,2,1,1.0,1.0,1.0,4,28.0
20,0,0,2,1.0,0.0,2.0,2,55.0
20,0,1,2,1.0,1.0,1.0,4,110.0
20,0,1,1,1.0,1.0,1.0,4,40.0
20,0,2,2,1.0,1.0,1.0,4,80.0
20,7,1,2,2.0,1.0,1.0,4,74.0
20,0,1,2,1.0,1.0,1.0,4,130.0
20,0,0,4,1.5,2.0,2.0,4,349.0
20,0,0,4,1.0,2.0,3.0,4,150.0
20,0,2,3,1.0,1.0,2.0,0,45.0
20,0,0,4,1.0,1.0,1.0,4,100.0
20,0,0,3,1.0,1.0,3.0,4,130.0
20,0,1,1,1.0,1.0,1.0,4,60.0
20,0,0,2,1.0,1.0,1.0,4,175.0
20,0,0,3,1.0,1.0,2.0,4,246.0
12,3,1,1,1.0,1.0,1.0,4,84.0
12,0,0,4,1.0,0.0,2.0,4,149.0
12,0,1,1,1.0,1.0,1.0,4,84.0
12,3,0,4,1.0,2.0,2.0,4,100.0
1,0,0,4,1.0,1.0,1.0,4,165.0
1,6,0,4,1.0,2.0,2.0,4,289.0
1,3,0,4,1.0,0.0,2.0,4,170.0
1,0,0,2,1.0,1.0,1.0,4,247.0
1,7,0,5,2.5,2.0,3.0,4,500.0
1,3,0,2,1.0,1.0,1.0,4,139.0
1,0,0,4,1.0,1.0,1.0,4,165.0
1,10,0,4,2.5,2.0,2.0,4,500.0
1,0,0,3,1.0,1.0,1.0,4,350.0
1,7,0,5,2.5,2.0,4.0,4,500.0
1,0,0,6,1.0,2.0,2.0,4,188.0
1,0,0,3,1.0,1.0,2.0,4,180.0
1,0,0,4,1.5,3.0,2.0,4,375.0
1,1,1,2,2.0,1.0,1.0,4,99.0
1,0,0,2,1.0,1.0,1.0,4,170.0
1,0,1,2,1.0,1.0,1.0,4,125.0
1,0,0,3,1.0,1.0,1.0,4,129.0
1,0,1,2,1.0,1.0,1.0,4,90.0
1,7,0,4,1.0,2.0,2.0,4,299.0
1,0,0,4,1.0,2.0,2.0,4,225.0
1,7,0,5,2.5,2.0,4.0,4,500.0
1,7,0,5,2.5,2.0,4.0,4,500.0
1,1,1,2,2.0,1.0,1.0,4,99.0
18,0,1,2,1.0,1.0,2.0,4,245.0
18,3,0,4,1.0,2.0,3.0,4,390.0
18,0,1,2,1.0,1.0,1.0,4,159.0
18,3,0,4,2.0,2.0,2.0,4,295.0
18,3,0,2,1.0,1.0,1.0,4,179.0
7,0,0,3,1.0,1.0,1.0,4,219.0
7,0,0,2,1.0,1.0,1.0,4,289.0
7,0,0,3,1.0,1.0,1.0,4,219.0
7,0,0,4,1.0,2.0,3.0,4,295.0
7,8,0,4,1.0,2.0,2.0,4,259.0
7,0,0,3,1.0,1.0,1.0,4,185.0
7,8,0,4,1.0,2.0,2.0,4,269.0
7,0,0,4,1.0,0.0,2.0,4,109.0
7,0,0,4,1.0,2.0,3.0,4,295.0
7,0,0,5,2.0,2.0,3.0,4,389.0
7,0,0,4,1.0,2.0,2.0,4,215.0
7,0,0,8,2.0,4.0,6.0,4,375.0
7,0,0,4,1.0,1.0,2.0,4,270.0
7,0,0,5,2.0,2.0,3.0,4,285.0
7,0,0,6,1.0,2.0,2.0,4,296.0
16,0,1,3,1.5,1.0,2.0,4,80.0
7,0,0,3,1.0,1.0,1.0,4,219.0
7,8,0,2,1.0,0.0,1.0,4,120.0
7,0,0,4,1.0,2.0,2.0,4,209.0
7,0,0,5,2.0,2.0,2.0,4,399.0
7,0,1,2,2.0,1.0,1.0,4,159.0
7,0,0,3,1.0,0.0,2.0,4,125.0
7,0,0,5,2.0,2.0,2.0,4,299.0
7,0,0,4,1.0,1.0,2.0,4,229.0
7,3,0,8,1.0,3.0,4.0,4,383.0
7,0,0,4,1.0,1.0,2.0,4,149.0
7,0,0,3,1.0,1.0,1.0,4,250.0
7,0,0,2,1.0,1.0,1.0,4,349.0
7,0,0,5,2.0,2.0,2.0,4,199.0
7,0,0,3,1.0,1.0,1.0,4,169.0
7,0,1,2,1.0,1.0,1.0,4,300.0
7,0,0,3,1.0,1.0,1.0,4,169.0
7,0,0,3,1.0,1.0,1.0,4,349.0
7,0,0,5,2.0,2.0,2.0,4,319.0
7,0,0,4,2.0,2.0,2.0,4,179.0
7,0,0,5,2.0,2.0,3.0,4,289.0
7,0,0,3,1.0,0.0,1.0,4,209.0
7,0,0,5,2.0,2.0,2.0,4,199.0
7,0,0,3,1.0,2.0,1.0,4,319.0
7,0,0,4,1.0,1.0,1.0,4,135.0
7,0,0,3,1.0,1.0,1.0,4,169.0
7,0,1,2,1.0,1.0,1.0,4,95.0
7,0,0,5,2.0,2.0,2.0,4,319.0
7,0,0,3,1.0,1.0,1.0,4,169.0
7,0,0,3,1.0,1.0,1.0,4,219.0
7,0,0,3,1.0,1.0,1.0,4,219.0
7,0,0,5,2.0,2.0,2.0,4,199.0
7,0,1,2,1.0,1.0,1.0,4,95.0
7,0,0,3,1.0,1.0,1.0,4,219.0
7,0,0,3,1.0,1.0,1.0,4,242.0
7,0,0,5,2.0,2.0,3.0,4,389.0
7,0,0,3,1.0,1.0,1.0,4,169.0
7,0,0,5,2.0,2.0,2.0,4,199.0
7,0,0,2,2.0,2.0,2.0,4,361.0
7,0,0,3,1.0,1.0,1.0,4,225.0
7,0,0,7,2.0,3.0,3.0,4,119.0
7,0,0,3,1.0,1.0,1.0,4,219.0
7,8,0,4,1.0,2.0,2.0,4,299.0
7,0,0,5,2.0,2.0,2.0,4,119.0
7,0,0,3,1.0,1.0,2.0,4,199.0
7,0,0,5,2.0,2.0,2.0,4,319.0
7,0,1,2,1.0,1.0,1.0,4,93.0
7,0,0,3,1.0,1.0,2.0,4,199.0
7,0,0,5,2.0,2.0,2.0,4,299.0
7,0,0,4,2.0,2.0,2.0,4,349.0
21,0,0,4,2.0,2.0,4.0,4,299.0
21,2,0,10,2.0,3.0,6.0,4,375.0
21,0,0,4,1.0,1.0,2.0,4,140.0
21,0,2,1,0.0,1.0,1.0,4,35.0
21,0,1,1,1.0,1.0,1.0,1,100.0
21,0,0,4,1.0,2.0,2.0,4,125.0
21,3,0,2,1.0,1.0,1.0,4,150.0
21,0,0,6,1.0,2.0,2.0,4,320.0
21,0,0,2,1.0,1.0,2.0,4,180.0
21,0,0,3,1.0,0.0,1.0,4,150.0
21,0,0,3,1.0,1.0,2.0,4,125.0
21,0,0,2,1.0,1.0,1.0,4,145.0
21,0,0,2,1.0,1.0,1.0,4,125.0
21,7,0,2,1.0,1.0,1.0,4,171.0
21,0,0,5,2.0,2.0,2.0,4,400.0
21,0,0,4,1.0,2.0,2.0,4,400.0
21,0,0,3,1.0,1.0,2.0,4,210.0
21,0,0,8,1.5,1.0,5.0,4,350.0
21,0,0,3,1.0,2.0,1.0,4,182.0
21,0,0,2,1.0,1.0,1.0,4,200.0
21,0,0,5,1.0,2.0,2.0,4,260.0
21,0,0,2,1.0,1.0,1.0,4,200.0
21,0,1,2,1.0,1.0,2.0,1,150.0
21,0,0,2,1.0,0.0,1.0,4,120.0
21,0,0,2,1.0,0.0,1.0,4,210.0
21,0,0,3,1.0,1.0,2.0,4,159.0
21,7,1,4,1.0,1.0,3.0,4,120.0
21,0,0,3,1.0,1.0,2.0,4,150.0
21,0,0,2,1.0,0.0,1.0,4,115.0
21,0,0,2,1.0,0.0,1.0,4,150.0
21,0,0,8,3.0,3.0,5.0,4,399.0
21,0,0,4,1.0,2.0,2.0,4,220.0
21,7,1,2,1.0,1.0,1.0,4,110.0
21,0,0,2,1.0,1.0,1.0,4,125.0
21,0,0,4,1.0,2.0,2.0,4,310.0
21,0,0,3,1.0,1.0,1.0,4,160.0
21,0,0,2,1.0,1.0,1.0,4,559.0
21,0,1,4,1.0,1.0,2.0,4,175.0
21,0,0,4,1.0,1.0,1.0,4,159.0
21,2,0,5,1.5,2.0,4.0,4,190.0
21,0,0,6,1.0,2.0,3.0,4,195.0
21,0,0,4,1.0,2.0,2.0,4,195.0
21,0,0,4,1.0,2.0,2.0,4,300.0
21,0,0,3,1.0,1.0,2.0,4,135.0
21,0,0,2,1.0,1.0,1.0,4,125.0
21,0,0,2,1.0,1.0,1.0,4,125.0
21,2,0,4,1.0,2.0,3.0,4,212.0
21,0,0,2,1.0,2.0,2.0,4,200.0
21,3,0,6,1.5,2.0,3.0,4,425.0
21,3,0,2,1.0,1.0,1.0,4,180.0
21,0,0,2,1.0,1.0,1.0,4,120.0
21,0,0,3,1.0,2.0,2.0,4,250.0
21,0,0,4,2.0,2.0,2.0,4,129.0
21,0,1,2,1.0,1.0,1.0,4,80.0
21,0,0,5,1.0,2.0,2.0,4,160.0
21,0,1,2,1.0,1.0,1.0,4,145.0
21,0,0,3,1.0,1.0,1.0,4,131.0
21,3,0,3,1.0,1.0,2.0,4,150.0
21,2,0,6,2.0,2.0,2.0,4,250.0
21,0,0,4,1.0,2.0,2.0,4,200.0
21,0,0,2,1.0,1.0,1.0,4,125.0
21,8,0,2,1.0,1.0,1.0,4,250.0
21,0,0,3,1.0,1.0,1.0,4,250.0
21,0,0,5,1.0,1.0,4.0,4,109.0
21,0,0,4,1.0,2.0,2.0,4,180.0
21,0,0,6,1.0,2.0,3.0,4,245.0
21,0,0,2,1.0,1.0,1.0,4,249.0
21,0,0,2,1.0,1.0,1.0,4,135.0
21,0,0,4,1.0,1.0,4.0,4,300.0
21,0,1,2,1.0,1.0,1.0,4,103.0
21,0,1,2,1.0,1.0,1.0,4,120.0
21,0,0,4,1.0,1.0,2.0,4,250.0
21,7,1,5,1.0,1.0,1.0,4,69.0
21,0,0,4,1.0,1.0,2.0,4,125.0
21,0,0,2,1.0,1.0,1.0,4,225.0
21,8,0,2,1.0,1.0,1.0,4,240.0
21,0,0,3,1.0,1.0,1.0,4,180.0
21,0,0,4,1.5,2.0,2.0,4,200.0
21,0,0,4,1.0,2.0,2.0,4,315.0
21,0,0,4,1.0,2.0,2.0,4,380.0
21,0,0,4,1.0,2.0,2.0,4,220.0
21,0,0,4,2.0,2.0,3.0,4,180.0
21,0,0,2,1.0,1.0,1.0,4,140.0
21,0,0,2,1.0,1.0,1.0,4,180.0
21,0,0,2,1.0,1.0,1.0,4,200.0
21,7,0,6,1.0,2.0,3.0,4,239.0
21,0,0,4,1.0,1.0,1.0,4,199.0
21,0,0,2,1.0,1.0,1.0,4,175.0
21,0,0,6,1.0,3.0,3.0,4,175.0
21,0,0,2,1.0,0.0,1.0,4,250.0
21,3,0,6,1.0,2.0,4.0,4,225.0
21,0,0,6,1.0,2.0,2.0,4,325.0
21,0,0,4,1.0,1.0,1.0,4,175.0
21,0,0,2,1.0,1.0,1.0,4,179.0
21,0,0,3,1.0,1.0,1.0,4,99.0
21,0,1,2,2.0,1.0,2.0,4,290.0
21,0,1,2,1.0,1.0,1.0,4,130.0
21,0,0,6,1.0,2.0,4.0,4,179.0
21,0,0,4,1.0,1.0,2.0,4,152.0
21,0,0,3,1.0,1.0,2.0,4,200.0
21,0,1,2,1.0,1.0,1.0,4,130.0
21,10,1,4,1.5,1.0,4.0,4,175.0
21,0,0,4,1.0,2.0,3.0,4,139.0
21,0,0,4,2.0,2.0,2.0,4,255.0
21,0,1,1,2.0,1.0,1.0,4,50.0
21,0,0,4,1.0,2.0,3.0,4,119.0
21,0,0,4,1.0,2.0,2.0,4,200.0
21,0,0,2,1.0,1.0,1.0,4,275.0
21,0,0,4,1.0,2.0,3.0,4,139.0
21,0,0,4,1.0,2.0,4.0,4,199.0
21,0,0,2,0.0,1.0,0.0,4,99.0
21,0,0,2,1.0,1.0,1.0,4,135.0
21,0,2,1,1.0,1.0,1.0,2,72.0
21,0,0,6,1.0,2.0,1.0,4,45.0
21,3,0,2,1.0,1.0,1.0,4,175.0
21,0,1,2,1.0,1.0,1.0,4,175.0
21,0,0,2,1.0,1.0,1.0,4,200.0
21,0,0,4,1.0,1.0,1.0,4,195.0
21,0,0,4,1.0,1.0,2.0,4,235.0
21,0,0,3,1.0,1.0,2.0,4,195.0
21,8,0,2,1.0,1.0,1.0,4,150.0
21,0,0,4,1.0,1.0,2.0,4,235.0
21,0,0,4,1.0,2.0,2.0,4,185.0
23,7,1,2,1.0,1.0,1.0,4,79.0
23,0,0,6,1.0,3.0,3.0,4,209.0
23,7,1,2,2.0,1.0,1.0,4,99.0
23,7,1,2,2.5,1.0,1.0,4,90.0
23,7,1,5,1.0,1.0,2.0,4,79.0
23,7,2,1,1.0,1.0,1.0,1,22.0
23,0,2,2,1.5,1.0,1.0,2,41.0
23,7,2,2,1.0,1.0,2.0,4,100.0
23,7,1,2,1.0,1.0,1.0,4,145.0
23,0,1,2,1.0,1.0,1.0,4,132.0
23,1,1,2,1.0,1.0,2.0,4,65.0
23,0,0,4,1.0,1.0,2.0,4,167.0
23,3,1,1,1.5,1.0,1.0,4,75.0
23,0,1,2,2.0,1.0,1.0,4,80.0
23,0,0,6,1.0,2.0,3.0,4,265.0
23,0,0,4,1.0,1.0,2.0,4,150.0
23,7,1,2,1.0,1.0,1.0,4,59.0
23,7,1,2,1.0,1.0,1.0,4,165.0
23,5,1,2,1.0,1.0,2.0,4,100.0
23,0,0,4,1.0,1.0,1.0,4,195.0
23,0,0,6,1.0,2.0,2.0,4,275.0
23,0,1,2,1.0,1.0,1.0,4,1400.0
23,0,0,5,1.0,2.0,2.0,4,225.0
23,0,0,4,1.0,0.0,1.0,3,109.0
23,0,1,1,1.0,1.0,1.0,4,85.0
23,0,1,1,1.0,1.0,1.0,4,75.0
23,7,1,2,1.0,1.0,1.0,4,75.0
23,7,1,1,2.0,1.0,1.0,2,65.0
23,0,0,4,0.0,1.0,1.0,4,167.0
23,0,0,4,1.0,1.0,2.0,4,159.0
23,0,0,2,1.0,0.0,1.0,4,190.0
26,0,1,2,1.0,1.0,1.0,4,95.0
23,0,1,2,1.0,1.0,1.0,4,65.0
23,7,1,2,2.0,1.0,2.0,4,99.0
23,0,0,4,1.0,2.0,2.0,4,148.0
23,0,0,2,1.0,1.0,1.0,4,135.0
23,0,1,2,1.0,1.0,1.0,4,65.0
23,0,0,14,2.0,3.0,9.0,4,536.0
23,0,0,2,1.0,1.0,1.0,4,135.0
23,7,1,4,1.0,1.0,2.0,4,89.0
23,0,1,2,1.0,1.0,1.0,4,100.0
23,0,1,1,1.0,1.0,1.0,4,75.0
23,0,1,2,0.0,1.0,1.0,4,90.0
23,0,0,2,1.0,1.0,1.0,4,125.0
23,7,1,2,2.0,1.0,2.0,4,99.0
23,0,0,4,1.0,0.0,2.0,2,100.0
23,0,0,4,1.0,1.0,1.0,4,100.0
23,0,0,4,1.0,0.0,2.0,4,170.0
23,0,1,1,1.0,1.0,1.0,4,33.0
23,0,1,2,1.0,1.0,1.0,4,75.0
23,0,1,1,1.0,1.0,1.0,4,52.0
23,7,1,1,1.0,1.0,1.0,4,78.0
23,0,0,8,2.0,3.0,5.0,4,350.0
23,0,0,8,1.0,3.0,4.0,4,236.0
23,0,0,7,2.0,3.0,3.0,4,330.0
23,0,0,6,2.0,3.0,3.0,4,300.0
23,7,1,2,1.0,1.0,1.0,4,60.0
23,10,1,2,1.0,1.0,1.0,4,83.0
23,1,1,4,1.0,1.0,1.0,4,65.0
23,0,1,2,1.0,1.0,2.0,4,55.0
23,7,0,6,1.0,2.0,2.0,4,120.0
23,0,0,6,1.0,2.0,5.0,4,120.0
23,7,0,10,3.5,3.0,5.0,4,450.0
23,0,1,1,1.0,1.0,1.0,4,90.0
23,7,0,8,3.5,3.0,4.0,4,350.0
23,0,1,2,1.0,1.0,1.0,4,45.0
23,0,1,2,1.0,1.0,1.0,4,130.0
23,7,1,2,1.0,1.0,1.0,4,60.0
23,7,1,2,0.5,1.0,1.0,3,75.0
23,7,1,2,1.5,1.0,3.0,4,120.0
23,0,1,1,2.0,1.0,1.0,2,55.0
23,7,1,1,1.5,1.0,1.0,4,49.0
23,0,0,4,1.0,1.0,2.0,4,195.0
23,0,0,2,1.0,1.0,1.0,4,114.0
23,0,1,2,1.0,1.0,1.0,4,75.0
23,0,1,1,1.0,1.0,1.0,4,39.0
23,0,1,2,1.0,1.0,1.0,4,95.0
23,7,0,8,2.0,3.0,8.0,4,450.0
23,7,1,2,1.0,1.0,2.0,4,64.0
23,0,0,10,1.5,3.0,4.0,4,269.0
23,0,0,6,1.5,3.0,3.0,4,250.0
23,0,0,4,1.0,2.0,2.0,4,229.0
23,0,0,4,1.0,0.0,2.0,4,175.0
23,7,1,2,1.0,1.0,1.0,4,70.0
23,7,0,10,2.0,4.0,6.0,4,150.0
23,0,0,6,1.0,3.0,3.0,4,229.0
23,7,1,2,2.0,1.0,1.0,4,99.0
23,7,1,1,2.0,1.0,1.0,4,99.0
23,7,0,6,2.0,2.0,3.0,4,250.0
19,8,2,2,1.0,1.0,1.0,4,99.0
23,0,1,2,1.0,1.0,1.0,4,125.0
23,0,1,2,1.0,1.0,1.0,4,85.0
23,10,1,2,1.0,1.0,1.0,4,90.0
23,0,0,10,3.5,0.0,3.0,4,450.0
23,0,2,1,1.0,1.0,1.0,3,35.0
23,0,1,1,1.0,1.0,1.0,4,100.0
23,0,0,4,0.0,1.0,1.0,4,163.0
23,0,1,1,1.0,1.0,1.0,4,83.0
23,0,1,1,1.0,1.0,1.0,4,40.0
23,0,1,1,1.0,1.0,1.0,4,50.0
23,0,0,8,2.0,4.0,5.0,4,625.0
23,0,0,4,1.0,0.0,2.0,4,200.0
23,0,1,2,1.0,1.0,1.0,4,90.0
23,0,0,4,2.0,2.0,2.0,4,300.0
23,0,1,2,1.0,1.0,1.0,4,50.0
23,0,1,3,1.0,1.0,3.0,4,75.0
23,0,1,1,1.0,1.0,1.0,4,35.0
23,0,0,4,1.0,1.0,2.0,4,167.0
23,0,0,6,1.0,2.0,3.0,4,225.0
23,0,1,1,1.0,1.0,1.0,4,50.0
23,0,1,1,1.0,1.0,1.0,4,81.0
23,0,1,1,1.0,1.0,1.0,4,79.0
26,0,0,2,1.0,1.0,1.0,4,195.0
26,0,0,2,1.0,1.0,1.0,4,295.0
26,0,1,2,1.0,1.0,1.0,4,120.0
26,0,0,7,2.0,2.0,5.0,4,200.0
26,0,0,6,1.5,2.0,2.0,4,250.0
26,0,0,2,1.0,0.0,1.0,4,176.0
26,0,0,2,1.0,1.0,1.0,4,150.0
26,0,0,2,1.0,0.0,1.0,4,229.0
26,0,0,2,1.0,1.0,1.0,4,279.0
26,0,0,2,1.0,1.0,1.0,4,279.0
26,0,0,6,1.5,2.0,3.0,4,290.0
26,0,0,2,1.0,0.0,1.0,4,275.0
26,0,0,4,2.0,2.0,2.0,4,185.0
26,0,0,4,1.0,1.0,1.0,4,399.0
26,0,0,4,1.0,2.0,2.0,4,255.0
26,0,2,1,1.0,1.0,1.0,0,75.0
26,0,0,6,1.5,2.0,2.0,4,250.0
26,0,1,2,1.0,1.0,1.0,4,100.0
26,0,0,4,1.0,1.0,1.0,4,215.0
26,7,1,1,1.0,1.0,1.0,4,125.0
26,0,1,2,1.0,1.0,1.0,4,110.0
26,3,1,2,1.5,1.0,1.0,4,125.0
26,0,1,2,1.0,1.0,1.0,4,80.0
26,0,0,8,2.0,3.0,4.0,4,373.0
26,0,0,8,2.0,3.0,4.0,4,525.0
26,3,0,4,2.0,2.0,2.0,4,299.0
26,3,0,2,1.0,1.0,1.0,4,269.0
26,0,0,4,1.0,1.0,2.0,4,189.0
26,0,0,2,1.0,0.0,1.0,4,215.0
26,3,0,4,1.0,1.0,2.0,4,289.0
26,0,0,2,1.0,1.0,1.0,4,229.0
26,0,0,4,1.0,1.0,2.0,4,154.0
26,0,0,6,2.0,2.0,3.0,4,236.0
26,0,0,4,1.0,1.0,2.0,4,175.0
26,3,0,4,1.0,1.0,2.0,4,229.0
26,0,0,6,2.0,2.0,3.0,4,234.0
26,0,0,4,2.0,2.0,2.0,4,329.0
26,0,0,4,1.0,1.0,2.0,4,209.0
26,0,0,2,1.0,0.0,1.0,4,195.0
26,0,0,4,1.0,1.0,2.0,4,169.0
26,10,0,2,1.0,0.0,1.0,4,145.0
26,0,0,2,1.0,0.0,1.0,4,219.0
26,0,0,1,1.0,1.0,1.0,4,150.0
26,0,0,2,1.0,0.0,1.0,4,215.0
26,0,1,2,1.0,1.0,1.0,4,155.0
26,0,0,2,1.0,0.0,1.0,4,138.0
26,10,1,2,1.0,1.0,1.0,4,170.0
26,0,0,2,1.0,1.0,1.0,4,170.0
26,0,0,4,1.0,2.0,2.0,4,195.0
26,0,1,2,1.0,1.0,1.0,4,125.0
26,3,0,3,1.0,2.0,2.0,4,250.0
26,0,1,1,1.0,1.0,1.0,4,100.0
26,0,0,2,1.0,0.0,1.0,4,137.0
26,0,0,2,1.0,0.0,1.0,4,137.0
26,3,0,4,1.0,1.0,2.0,4,199.0
26,0,0,4,1.0,1.0,1.0,4,239.0
26,0,0,2,1.0,1.0,1.0,4,185.0
26,0,0,4,1.0,1.0,1.0,4,175.0
26,0,0,4,1.0,2.0,2.0,4,200.0
26,3,1,3,1.5,1.0,2.0,4,125.0
26,0,0,2,1.0,1.0,1.0,4,150.0
26,0,0,2,1.0,0.0,1.0,4,150.0
26,4,1,2,1.0,1.0,1.0,4,75.0
26,0,0,2,1.0,1.0,1.0,4,200.0
26,0,0,3,1.0,2.0,2.0,4,275.0
26,0,1,1,1.0,1.0,1.0,4,120.0
26,0,0,5,2.0,3.0,4.0,4,600.0
26,0,0,3,1.0,2.0,2.0,4,265.0
26,0,0,2,1.0,1.0,1.0,4,160.0
26,0,0,2,1.0,0.0,1.0,4,155.0
26,0,0,2,1.0,0.0,1.0,4,137.0
26,0,0,3,1.0,1.0,1.0,4,99.0
26,7,1,1,0.0,1.0,1.0,4,98.0
26,0,0,2,1.0,0.0,1.0,4,150.0
26,0,0,2,1.0,0.0,1.0,4,125.0
26,0,0,3,1.0,1.0,1.0,4,235.0
26,0,0,2,1.0,0.0,1.0,4,100.0
26,0,0,2,1.0,1.0,1.0,4,164.0
26,0,0,4,1.0,2.0,2.0,4,185.0
26,0,0,3,1.0,1.0,2.0,4,250.0
26,0,1,2,1.0,1.0,1.0,4,100.0
26,0,0,4,1.0,2.0,2.0,4,275.0
26,0,0,2,1.0,0.0,1.0,4,225.0
26,0,0,6,1.0,2.0,3.0,4,250.0
26,8,1,1,1.5,1.0,1.0,4,50.0
26,0,0,2,1.0,0.0,1.0,4,150.0
26,0,0,4,1.0,0.0,2.0,4,170.0
26,0,2,2,1.0,1.0,1.0,0,125.0
26,0,0,2,2.0,2.0,1.0,4,250.0
26,0,0,4,1.0,2.0,3.0,4,229.0
26,0,1,2,1.0,1.0,1.0,4,90.0
26,0,0,4,1.0,1.0,1.0,4,200.0
26,0,0,2,1.0,0.0,1.0,4,100.0
26,0,0,4,1.0,2.0,2.0,4,229.0
26,3,0,2,1.0,1.0,1.0,4,199.0
26,8,2,1,1.0,1.0,1.0,3,67.0
26,0,0,2,1.0,0.0,1.0,4,120.0
26,0,0,3,1.0,0.0,1.0,4,239.0
26,0,0,4,1.0,1.0,2.0,4,130.0
26,0,1,2,1.5,1.0,1.0,4,85.0
26,0,0,3,1.0,1.0,1.0,4,225.0
26,7,0,8,4.5,5.0,6.0,4,1300.0
26,0,0,2,1.0,1.0,1.0,4,160.0
26,0,0,2,1.0,0.0,1.0,4,150.0
26,0,0,3,1.0,2.0,2.0,4,280.0
26,0,1,2,1.0,1.0,1.0,4,60.0
26,0,0,2,1.0,1.0,1.0,4,225.0
26,0,0,2,1.0,1.0,1.0,4,170.0
26,1,1,2,1.0,1.0,1.0,4,168.0
26,0,0,2,1.0,1.0,1.0,4,183.0
26,0,0,2,1.0,0.0,1.0,4,137.0
26,0,0,6,1.0,2.0,2.0,4,300.0
26,0,0,4,2.0,2.0,2.0,4,350.0
26,0,0,4,1.0,1.0,2.0,4,190.0
26,0,1,2,1.0,1.0,1.0,4,180.0
26,0,1,2,1.0,1.0,1.0,4,99.0
26,0,0,2,1.0,0.0,1.0,4,110.0
26,0,0,2,1.0,0.0,1.0,4,155.0
26,0,0,2,1.0,1.0,1.0,4,178.0
26,3,0,7,2.0,4.0,5.0,4,600.0
26,0,0,5,2.0,3.0,4.0,4,550.0
26,10,0,4,1.0,1.0,2.0,4,170.0
26,0,0,2,1.0,0.0,1.0,4,129.0
26,10,0,2,1.0,0.0,1.0,4,160.0
26,0,0,4,1.0,1.0,2.0,4,175.0
26,0,1,2,1.0,1.0,1.0,4,150.0
26,0,0,4,1.5,1.0,1.0,4,250.0
26,8,0,2,1.0,1.0,1.0,4,100.0
26,0,0,7,1.0,2.0,3.0,4,200.0
26,0,0,2,1.0,0.0,1.0,4,120.0
26,0,0,2,1.0,0.0,1.0,4,150.0
26,0,0,2,1.0,0.0,1.0,4,152.0
26,0,0,2,1.0,1.0,2.0,4,200.0
26,0,0,4,1.0,1.0,1.0,4,170.0
26,0,1,2,1.5,1.0,1.0,4,157.0
26,0,0,2,1.0,1.0,1.0,4,229.0
26,1,1,3,1.0,1.0,2.0,4,299.0
26,0,0,4,1.0,2.0,2.0,4,210.0
26,3,1,2,1.5,1.0,1.0,4,110.0
26,0,0,4,2.0,2.0,2.0,4,400.0
26,10,0,4,2.5,2.0,2.0,4,575.0
26,0,0,2,1.0,0.0,1.0,4,147.0
26,0,0,2,1.0,1.0,1.0,4,200.0
26,0,0,2,1.0,0.0,1.0,4,115.0
26,3,1,2,1.5,1.0,1.0,4,110.0
26,9,2,1,0.0,1.0,1.0,0,500.0
26,0,1,2,1.0,1.0,1.0,4,149.0
26,0,0,4,1.0,1.0,1.0,4,200.0
26,0,0,8,2.5,3.0,4.0,4,417.0
26,3,0,4,2.0,2.0,2.0,4,600.0
26,0,0,4,1.0,1.0,2.0,4,175.0
26,8,1,2,1.0,1.0,1.0,4,69.0
26,0,0,2,1.0,0.0,1.0,4,150.0
26,0,1,2,1.0,1.0,1.0,4,180.0
26,0,0,2,1.0,1.0,1.0,4,150.0
26,0,0,2,1.0,0.0,1.0,4,137.0
26,0,0,8,2.5,3.0,4.0,4,800.0
26,3,0,5,1.5,3.0,3.0,4,299.0
26,0,1,1,1.5,1.0,1.0,4,135.0
26,3,0,4,2.0,2.0,2.0,4,275.0
26,0,1,2,1.0,1.0,1.0,2,99.0
26,1,1,3,1.0,1.0,2.0,4,350.0
26,0,0,2,1.0,0.0,2.0,4,170.0
26,0,0,6,1.0,2.0,3.0,4,450.0
26,0,0,2,1.0,0.0,1.0,4,186.0
26,0,0,4,1.0,1.0,1.0,4,300.0
26,0,0,4,1.0,1.0,1.0,4,200.0
26,0,0,4,1.0,1.0,1.0,4,189.0
26,10,0,2,1.0,0.0,1.0,4,150.0
26,3,0,4,1.0,1.0,2.0,4,179.0
26,0,0,3,1.0,1.0,1.0,4,250.0
26,3,0,2,1.0,1.0,1.0,4,229.0
26,0,0,4,1.5,1.0,2.0,4,250.0
26,0,1,2,1.0,1.0,1.0,4,119.0
26,0,0,2,1.0,1.0,1.0,4,140.0
26,0,0,4,1.0,1.0,2.0,4,84.0
26,7,0,4,2.5,2.0,2.0,4,700.0
26,3,0,2,1.0,2.0,1.0,4,250.0
26,0,0,4,1.0,2.0,2.0,4,200.0
26,0,1,2,1.0,1.0,1.0,4,99.0
26,0,0,4,1.0,2.0,2.0,4,150.0
26,0,1,2,1.0,1.0,1.0,4,119.0
26,0,0,4,1.0,2.0,2.0,4,300.0
26,0,0,2,1.0,1.0,1.0,4,170.0
26,0,0,2,1.0,0.0,1.0,4,269.0
26,0,0,2,1.0,1.0,1.0,4,170.0
26,0,1,1,1.0,1.0,1.0,4,100.0
26,1,1,1,0.0,1.0,1.0,4,135.0
26,0,0,6,1.0,1.0,2.0,4,159.0
26,3,0,3,1.0,2.0,2.0,4,250.0
26,0,1,2,1.0,1.0,1.0,3,75.0
26,0,0,2,1.0,0.0,1.0,4,144.0
26,0,0,1,1.0,0.0,1.0,4,170.0
26,7,1,2,1.0,1.0,1.0,4,120.0
26,0,0,4,1.0,1.0,2.0,4,139.0
26,0,0,2,1.0,0.0,1.0,4,147.0
26,0,1,2,1.0,1.0,1.0,4,217.0
26,0,0,2,1.0,0.0,1.0,4,225.0
26,0,0,4,1.0,1.0,2.0,4,200.0
26,0,0,2,1.0,0.0,1.0,4,189.0
26,0,0,2,1.0,0.0,1.0,4,150.0
26,0,0,4,1.0,2.0,2.0,4,279.0
26,7,1,1,1.0,1.0,1.0,4,135.0
26,0,0,2,1.0,1.0,1.0,4,200.0
26,0,0,4,1.0,2.0,2.0,4,240.0
26,0,2,2,1.5,1.0,1.0,4,77.0
26,0,0,2,1.0,0.0,1.0,4,160.0
26,0,0,4,1.0,1.0,2.0,4,195.0
26,0,0,2,1.0,1.0,1.0,4,175.0
26,0,1,1,1.0,1.0,1.0,4,150.0
26,0,1,1,1.0,1.0,1.0,4,89.0
26,0,0,6,1.0,2.0,2.0,4,238.0
26,0,0,3,1.0,1.0,1.0,4,161.0
26,3,0,5,1.0,2.0,5.0,4,300.0
26,0,0,6,2.0,2.0,3.0,4,177.0
26,0,0,2,1.0,1.0,1.0,4,185.0
26,0,0,2,1.0,1.0,1.0,4,225.0
26,3,1,2,1.5,1.0,1.0,4,125.0
26,0,0,2,1.5,2.0,2.0,4,150.0
26,0,0,2,1.0,0.0,1.0,4,122.0
26,0,0,2,1.0,1.0,1.0,4,125.0
26,1,1,2,1.0,1.0,1.0,4,325.0
26,10,1,2,1.0,1.0,1.0,4,170.0
26,3,0,2,1.0,1.0,1.0,4,160.0
26,0,0,4,1.0,2.0,2.0,4,199.0
26,0,0,4,1.0,2.0,1.0,4,160.0
26,0,0,4,1.0,1.0,1.0,4,200.0
26,0,0,4,1.5,2.0,2.0,4,200.0
26,0,0,2,1.0,0.0,1.0,4,150.0
26,3,0,2,1.0,2.0,2.0,4,350.0
26,0,0,2,1.0,1.0,1.0,4,139.0
26,0,0,2,1.0,0.0,1.0,3,80.0
26,0,0,4,1.0,1.0,2.0,4,215.0
26,7,1,2,1.0,1.0,1.0,4,130.0
26,3,0,2,1.0,1.0,1.0,4,183.0
26,0,0,2,1.0,1.0,1.0,4,215.0
26,0,1,2,1.0,1.0,1.0,4,75.0
26,0,1,1,1.0,1.0,1.0,4,45.0
26,0,1,2,1.0,1.0,1.0,4,125.0
26,0,0,4,1.0,2.0,2.0,4,290.0
26,0,0,2,1.0,1.0,1.0,4,215.0
26,0,0,2,1.0,1.0,1.0,4,255.0
26,0,0,2,1.0,1.0,1.0,4,300.0
26,0,1,1,1.0,1.0,1.0,4,140.0
26,0,0,5,1.0,1.0,1.0,4,250.0
26,0,0,2,1.0,0.0,1.0,4,155.0
26,0,0,2,1.0,2.0,1.0,4,200.0
26,0,1,2,1.5,1.0,1.0,4,119.0
26,0,0,2,1.0,1.0,1.0,4,189.0
1,0,1,2,1.5,1.0,1.0,4,250.0
26,0,0,4,1.0,2.0,2.0,4,225.0
26,0,0,2,1.0,0.0,1.0,4,137.0
26,0,0,2,1.0,0.0,1.0,4,146.0
26,0,0,3,1.0,1.0,1.0,4,199.0
26,0,0,2,1.0,1.0,1.0,4,190.0
26,0,0,2,1.0,0.0,1.0,4,150.0
26,0,0,2,1.0,0.0,1.0,4,106.0
26,0,0,3,1.0,1.0,1.0,4,200.0
26,0,1,2,1.0,1.0,1.0,4,99.0
26,0,1,2,1.0,1.0,1.0,4,139.0
26,0,0,4,1.0,0.0,1.0,4,175.0
26,3,0,2,2.0,1.0,1.0,4,200.0
26,0,0,3,2.0,2.0,2.0,4,450.0
26,0,0,2,1.0,0.0,1.0,4,165.0
26,0,0,4,2.0,2.0,2.0,4,250.0
26,7,1,6,2.5,1.0,3.0,4,350.0
26,10,1,2,1.0,1.0,1.0,4,295.0
26,0,0,3,1.0,1.0,1.0,4,199.0
26,1,1,2,1.0,1.0,1.0,4,299.0
26,0,0,4,1.0,1.0,2.0,4,130.0
26,0,0,3,1.0,1.0,1.0,4,160.0
26,0,0,4,1.0,1.0,2.0,4,250.0
26,7,0,4,1.0,1.0,2.0,4,220.0
26,0,0,2,1.0,0.0,1.0,4,150.0
26,3,0,5,2.5,2.0,2.0,4,280.0
26,0,0,2,1.0,0.0,1.0,4,150.0
26,0,0,2,1.0,1.0,1.0,4,250.0
26,0,1,2,1.0,1.0,1.0,4,185.0
26,0,0,2,1.0,1.0,1.0,4,140.0
26,0,0,3,1.0,1.0,1.0,4,150.0
26,0,0,2,1.0,0.0,1.0,4,165.0
26,0,0,2,1.0,1.0,1.0,4,150.0
26,0,0,4,1.0,2.0,2.0,4,225.0
26,0,0,6,1.5,2.0,3.0,4,235.0
26,3,0,2,1.0,1.0,1.0,4,189.0
26,0,0,4,1.0,1.0,2.0,4,215.0
26,0,1,2,1.0,1.0,1.0,4,90.0
26,0,0,5,1.0,2.0,3.0,4,250.0
26,0,0,2,1.0,0.0,1.0,4,195.0
26,0,0,6,2.5,3.0,3.0,4,650.0
26,0,0,3,1.0,1.0,2.0,4,189.0
26,0,0,2,1.5,1.0,1.0,4,225.0
26,9,2,1,0.0,1.0,1.0,4,500.0
26,0,0,4,1.0,1.0,1.0,4,149.0
1,0,0,4,1.0,2.0,2.0,4,379.0
1,0,0,4,1.5,1.0,2.0,4,136.0
1,0,0,4,1.5,2.0,2.0,4,359.0
1,0,0,4,2.0,2.0,2.0,4,299.0
1,0,0,2,1.0,0.0,1.0,4,110.0
1,0,0,3,1.0,0.0,3.0,4,170.0
1,0,0,2,1.0,0.0,1.0,4,130.0
1,0,1,1,1.0,1.0,1.0,4,100.0
1,3,1,2,2.0,1.0,1.0,4,99.0
1,3,0,2,1.0,1.0,1.0,4,175.0
1,0,0,2,1.0,1.0,1.0,4,289.0
1,0,0,2,1.0,0.0,1.0,4,209.0
1,0,1,1,1.0,1.0,1.0,4,80.0
1,0,0,6,1.0,2.0,2.0,4,449.0
1,0,0,2,1.0,1.0,1.0,4,251.0
1,0,0,1,1.0,0.0,1.0,4,185.0
1,0,0,2,1.0,1.0,1.0,4,251.0
1,0,0,4,1.0,2.0,2.0,4,349.0
1,0,0,6,2.0,3.0,3.0,4,389.0
1,0,0,6,1.0,2.0,2.0,4,349.0
1,0,0,4,1.0,2.0,2.0,4,342.0
1,0,0,2,1.0,1.0,1.0,4,232.0
1,0,0,5,3.5,3.0,3.0,4,1250.0
1,0,0,4,1.0,1.0,1.0,4,249.0
1,0,0,1,1.0,0.0,1.0,4,135.0
1,0,0,4,1.0,1.0,2.0,4,280.0
1,0,0,2,1.0,0.0,1.0,4,200.0
1,0,0,4,1.0,1.0,1.0,4,150.0
1,0,0,4,1.0,2.0,2.0,4,239.0
1,0,0,3,1.0,0.0,1.0,4,160.0
1,0,0,2,1.0,1.0,1.0,4,174.0
1,0,0,2,1.0,0.0,0.0,4,199.0
1,0,0,5,2.0,2.0,2.0,4,425.0
1,0,0,2,1.0,0.0,1.0,4,160.0
1,0,0,2,1.0,0.0,0.0,4,199.0
1,0,0,2,1.0,0.0,1.0,4,150.0
1,0,0,2,1.0,0.0,1.0,4,150.0
1,0,0,2,1.0,0.0,1.0,4,150.0
1,0,0,7,2.0,3.0,3.0,4,695.0
26,0,0,2,1.0,1.0,1.0,4,189.0
1,0,0,2,1.0,0.0,1.0,4,148.0
1,0,0,2,1.0,1.0,1.0,4,400.0
1,0,0,2,1.0,1.0,1.0,2,160.0
1,0,0,6,2.0,2.0,3.0,4,300.0
1,0,0,4,1.0,1.0,1.0,4,200.0
1,0,0,5,1.0,0.0,2.0,4,275.0
1,8,0,3,1.0,0.0,1.0,4,166.0
1,0,0,3,1.0,0.0,2.0,4,160.0
1,0,0,3,1.0,0.0,1.0,4,160.0
1,0,1,2,1.0,1.0,1.0,4,100.0
1,0,0,4,1.0,1.0,2.0,4,225.0
1,0,1,2,1.5,1.0,1.0,4,105.0
1,0,0,2,1.0,1.0,1.0,4,185.0
1,0,0,2,1.0,0.0,1.0,4,175.0
1,0,0,3,1.0,1.0,1.0,4,175.0
1,0,1,1,1.0,1.0,1.0,4,80.0
1,0,0,3,3.0,1.0,1.0,4,219.0
1,0,0,3,1.0,1.0,1.0,4,219.0
1,0,0,2,1.0,1.0,1.0,4,110.0
1,3,0,4,1.0,1.0,2.0,4,289.0
1,0,0,5,2.0,2.0,3.0,4,232.0
1,0,0,2,1.0,1.0,1.0,4,180.0
1,3,0,4,1.0,1.0,2.0,4,189.0
1,0,0,3,1.0,1.0,1.0,4,165.0
1,0,0,3,1.0,2.0,1.0,4,165.0
1,0,0,5,1.0,2.0,2.0,4,375.0
1,0,0,5,2.0,2.0,2.0,4,319.0
1,0,0,4,1.0,1.0,2.0,4,245.0
1,0,0,5,1.5,2.0,3.0,4,363.0
1,0,0,2,1.0,1.0,1.0,4,259.0
1,0,0,5,2.0,2.0,3.0,4,276.0
1,0,0,4,1.5,2.0,2.0,4,359.0
1,0,1,2,1.0,1.0,1.0,4,259.0
1,3,0,2,1.0,0.0,1.0,4,165.0
1,11,0,2,1.0,0.0,1.0,4,199.0
1,0,1,2,1.0,1.0,1.0,4,479.0
1,0,1,2,1.0,1.0,1.0,4,135.0
1,0,0,5,2.0,2.0,2.0,4,319.0
1,3,0,3,1.0,0.0,2.0,4,150.0
1,0,0,3,1.0,1.0,1.0,4,300.0
1,0,0,5,1.0,1.0,2.0,4,285.0
1,0,0,2,1.0,0.0,1.0,4,195.0
26,0,0,4,1.5,2.0,2.0,4,385.0
1,0,0,3,1.0,0.0,1.0,4,110.0
1,0,0,1,1.0,0.0,1.0,4,105.0
1,0,1,2,1.0,1.0,1.0,4,120.0
1,0,0,3,1.0,1.0,1.0,4,163.0
1,0,1,2,1.5,1.0,1.0,4,275.0
1,0,0,5,1.0,1.0,2.0,4,225.0
1,0,0,4,1.0,2.0,3.0,4,450.0
1,0,0,5,2.0,2.0,2.0,4,319.0
1,0,0,2,1.0,1.0,1.0,4,175.0
1,0,0,4,1.5,2.0,2.0,4,299.0
1,0,0,2,1.0,0.0,1.0,4,165.0
1,0,0,2,1.0,0.0,1.0,4,250.0
1,0,0,2,1.0,1.0,1.0,4,99.0
1,0,0,2,1.0,1.0,1.0,4,209.0
1,3,1,2,1.0,1.0,1.0,4,250.0
1,0,0,8,2.0,3.0,3.0,4,330.0
1,0,1,2,1.0,1.0,1.0,4,150.0
1,0,0,3,1.0,1.0,1.0,4,200.0
1,0,0,4,1.0,1.0,2.0,4,300.0
1,0,0,4,2.0,2.0,2.0,4,464.0
1,0,0,2,1.0,0.0,1.0,4,97.0
1,3,0,3,1.0,1.0,1.0,4,250.0
1,0,0,2,1.0,0.0,1.0,4,150.0
1,0,1,2,1.0,1.0,1.0,4,151.0
1,0,0,6,3.0,3.0,3.0,4,399.0
1,0,1,2,1.0,1.0,1.0,3,210.0
1,0,0,2,1.0,1.0,1.0,4,207.0
1,0,0,6,1.0,2.0,3.0,4,315.0
1,0,0,2,1.0,0.0,1.0,4,105.0
1,0,0,2,1.0,1.0,1.0,4,190.0
1,0,0,2,1.0,0.0,1.0,4,209.0
1,0,0,2,1.0,0.0,1.0,4,145.0
1,0,1,1,1.0,1.0,1.0,4,200.0
1,0,0,3,1.0,1.0,1.0,4,450.0
1,3,0,2,1.0,0.0,1.0,4,170.0
1,0,0,4,1.0,2.0,2.0,4,329.0
1,0,0,4,1.0,2.0,2.0,4,297.0
1,0,0,2,1.0,1.0,1.0,4,349.0
1,3,0,4,1.0,1.0,1.0,4,200.0
1,0,0,6,1.5,3.0,3.0,4,451.0
1,0,1,2,1.0,1.0,1.0,4,179.0
1,0,0,2,1.0,1.0,1.0,4,150.0
1,0,0,6,1.0,2.0,2.0,4,174.0
1,0,0,2,1.0,0.0,1.0,4,150.0
1,0,0,2,1.0,1.0,2.0,4,189.0
1,7,1,1,1.0,1.0,1.0,4,120.0
1,0,0,4,1.5,1.0,2.0,4,250.0
1,0,0,2,1.0,1.0,1.0,4,229.0
1,0,0,2,1.0,1.0,1.0,4,175.0
1,0,0,2,1.0,1.0,1.0,4,200.0
1,0,0,2,1.0,1.0,1.0,4,249.0
1,0,1,2,1.5,1.0,1.0,4,97.0
1,0,0,2,1.0,1.0,1.0,4,250.0
1,0,1,2,1.5,1.0,1.0,4,102.0
1,0,0,2,1.0,0.0,1.0,4,200.0
1,0,0,2,1.0,1.0,1.0,4,205.0
1,0,1,4,1.0,1.0,2.0,4,220.0
1,0,0,2,1.0,0.0,1.0,4,225.0
1,0,0,6,2.0,2.0,3.0,4,975.0
26,0,0,4,1.5,2.0,2.0,4,295.0
1,0,0,2,1.0,1.0,1.0,4,245.0
1,0,0,4,2.0,2.0,2.0,4,600.0
1,0,0,2,1.0,0.0,1.0,4,150.0
1,0,0,2,1.0,1.0,1.0,4,232.0
1,0,0,3,1.0,1.0,2.0,4,298.0
1,0,0,2,1.0,0.0,2.0,4,329.0
1,9,2,1,1.0,1.0,1.0,4,40.0
1,3,0,3,1.0,1.0,1.0,4,235.0
1,0,0,4,1.0,1.0,2.0,4,194.0
1,0,0,4,1.0,2.0,2.0,4,299.0
1,0,1,1,1.0,1.0,1.0,4,50.0
1,0,0,3,1.0,1.0,1.0,4,300.0
1,0,0,4,1.0,2.0,2.0,4,229.0
26,0,0,2,1.0,0.0,1.0,4,175.0
1,0,0,4,1.0,1.0,1.0,4,230.0
1,0,0,3,1.0,1.0,1.0,4,130.0
1,0,0,5,2.0,2.0,2.0,4,319.0
1,0,0,5,1.5,2.0,2.0,4,319.0
1,0,0,2,1.0,0.0,1.0,4,209.0
1,8,0,2,1.0,0.0,1.0,4,160.0
1,0,0,4,1.0,2.0,2.0,4,257.0
1,0,0,2,1.0,1.0,1.0,4,199.0
1,3,0,2,1.0,1.0,1.0,4,185.0
1,0,0,4,1.0,1.0,1.0,4,229.0
1,0,0,2,1.0,1.0,1.0,4,169.0
1,0,0,6,2.0,2.0,2.0,4,375.0
1,0,0,4,1.0,2.0,2.0,4,350.0
1,0,0,2,1.0,1.0,1.0,4,325.0
1,0,0,2,1.0,1.0,1.0,4,185.0
1,0,0,4,1.0,1.0,1.0,4,179.0
1,0,0,4,1.0,1.0,2.0,4,259.0
1,0,0,3,1.0,1.0,2.0,4,299.0
1,0,0,1,1.0,0.0,1.0,4,139.0
1,0,0,7,2.0,3.0,4.0,4,218.0
1,0,0,4,1.0,1.0,1.0,4,239.0
1,0,0,2,1.0,1.0,1.0,4,139.0
1,0,1,1,1.0,1.0,1.0,4,80.0
1,0,0,4,1.5,2.0,2.0,4,299.0
1,0,0,2,1.0,1.0,2.0,4,225.0
1,0,0,3,1.0,1.0,1.0,4,115.0
1,8,0,3,1.0,0.0,2.0,4,100.0
1,0,0,3,1.0,1.0,1.0,4,200.0
1,3,1,2,1.0,1.0,1.0,4,109.0
1,3,0,3,1.5,1.0,1.0,4,350.0
1,0,0,5,1.5,2.0,2.0,4,319.0
1,0,0,2,1.0,1.0,1.0,4,225.0
1,0,0,4,2.0,2.0,2.0,4,281.0
1,0,0,2,1.0,1.0,1.0,4,249.0
1,0,0,3,1.0,1.0,1.0,4,170.0
1,0,0,5,2.0,2.0,2.0,4,119.0
1,0,1,2,1.0,1.0,1.0,4,185.0
1,0,0,5,2.0,3.0,3.0,4,450.0
1,0,0,5,1.0,2.0,2.0,4,285.0
1,8,0,4,1.0,1.0,1.0,4,175.0
1,0,0,4,1.0,2.0,2.0,4,329.0
1,7,0,6,2.5,3.0,2.0,4,550.0
1,0,0,5,2.0,2.0,2.0,4,319.0
1,0,0,4,1.5,2.0,2.0,4,250.0
1,0,0,5,2.0,2.0,2.0,4,119.0
1,0,0,4,1.0,1.0,1.0,4,325.0
1,0,0,6,1.0,2.0,2.0,4,150.0
1,0,0,4,2.0,2.0,2.0,4,425.0
1,10,0,3,1.0,1.0,2.0,4,199.0
1,0,0,4,1.0,1.0,1.0,4,310.0
1,0,0,4,1.0,2.0,2.0,4,389.0
1,0,0,2,1.0,0.0,1.0,4,145.0
1,0,0,6,1.0,3.0,3.0,4,568.0
1,0,0,5,2.0,2.0,2.0,4,119.0
1,0,0,2,1.0,0.0,1.0,4,150.0
1,0,0,2,1.0,0.0,1.0,4,160.0
1,0,0,4,1.0,0.0,2.0,4,160.0
1,0,0,2,1.0,2.0,1.0,4,250.0
1,0,0,2,1.0,0.0,1.0,4,169.0
1,3,1,2,2.0,1.0,1.0,4,89.0
1,0,0,5,2.0,2.0,2.0,4,319.0
1,0,0,2,1.0,0.0,1.0,4,189.0
1,0,0,4,1.0,1.0,1.0,4,299.0
1,0,0,5,2.0,2.0,3.0,4,183.0
1,3,0,4,1.0,1.0,3.0,4,699.0
1,0,0,6,1.0,1.0,3.0,4,100.0
1,0,0,2,1.0,1.0,1.0,4,275.0
1,0,0,5,1.0,1.0,2.0,4,159.0
1,0,0,5,1.0,2.0,2.0,4,279.0
1,0,0,4,1.0,1.0,2.0,4,200.0
1,9,1,2,1.0,1.0,1.0,4,218.0
1,0,0,2,1.0,0.0,1.0,4,148.0
1,0,0,3,1.0,0.0,2.0,4,130.0
1,0,0,4,1.0,2.0,2.0,4,300.0
1,0,0,2,1.0,1.0,1.0,4,250.0
1,0,0,5,1.5,2.0,3.0,4,363.0
1,0,0,2,1.0,0.0,1.0,4,119.0
1,0,0,4,1.0,1.0,1.0,4,176.0
1,0,0,4,1.0,0.0,1.0,4,200.0
1,0,0,3,1.0,1.0,1.0,4,550.0
1,0,0,4,1.0,1.0,1.0,4,150.0
1,0,0,6,1.5,3.0,3.0,4,379.0
1,0,1,2,1.0,1.0,1.0,4,300.0
1,3,1,2,1.0,1.0,1.0,4,130.0
1,0,0,5,1.5,2.0,3.0,4,363.0
1,0,0,2,1.0,1.0,1.0,4,600.0
1,0,0,4,1.0,1.0,1.0,4,225.0
1,0,0,7,1.0,3.0,3.0,4,450.0
1,0,0,2,1.0,0.0,1.0,4,160.0
1,0,0,4,1.0,2.0,2.0,4,350.0
1,0,0,3,1.0,1.0,2.0,4,298.0
1,0,0,5,1.0,2.0,3.0,4,286.0
1,0,0,4,1.0,2.0,2.0,4,356.0
1,0,0,2,1.0,0.0,1.0,4,130.0
1,0,0,4,1.0,1.0,1.0,4,250.0
1,0,0,3,1.0,1.0,1.0,4,200.0
1,0,0,2,1.0,0.0,1.0,4,129.0
1,0,0,6,1.0,2.0,2.0,4,349.0
1,0,0,4,1.0,2.0,2.0,4,500.0
1,0,0,3,1.0,1.0,1.0,4,248.0
1,0,1,2,1.0,1.0,1.0,4,97.0
1,0,0,4,1.0,0.0,1.0,4,210.0
1,0,0,4,1.0,1.0,1.0,4,249.0
1,0,1,1,1.0,1.0,1.0,4,69.0
1,3,1,2,1.0,1.0,1.0,4,130.0
1,0,0,2,1.0,0.0,1.0,4,130.0
11,0,0,2,1.0,0.0,1.0,4,207.0
11,2,0,6,1.5,2.0,5.0,4,200.0
11,0,0,4,2.0,2.0,2.0,4,225.0
11,0,1,1,1.0,1.0,1.0,4,48.0
11,7,1,2,1.0,1.0,1.0,4,75.0
11,0,1,2,1.0,1.0,1.0,4,150.0
11,7,1,2,1.0,1.0,1.0,4,95.0
11,10,1,4,1.0,1.0,2.0,4,90.0
11,3,0,8,2.0,3.0,4.0,4,210.0
11,0,0,4,1.0,2.0,2.0,4,99.0
11,0,2,2,1.0,1.0,1.0,2,50.0
11,0,1,2,1.0,1.0,1.0,4,70.0
11,7,1,2,1.0,1.0,1.0,2,95.0
11,7,1,2,1.0,1.0,1.0,4,99.0
11,7,1,2,1.0,1.0,1.0,4,77.0
11,0,0,5,1.0,2.0,2.0,4,119.0
11,0,2,2,1.0,1.0,1.0,2,56.0
11,3,1,2,1.0,1.0,1.0,4,89.0
11,0,0,4,1.0,2.0,2.0,4,129.0
11,0,1,2,1.0,1.0,2.0,4,65.0
11,0,1,1,1.0,1.0,1.0,2,65.0
11,0,1,2,1.0,1.0,1.0,4,85.0
11,0,0,4,1.0,2.0,2.0,4,215.0
11,0,0,2,2.0,1.0,1.0,2,60.0
11,3,1,2,1.0,1.0,1.0,4,128.0
11,0,0,2,2.0,1.0,1.0,4,60.0
11,3,0,3,1.0,1.0,1.0,4,72.0
11,3,0,6,1.0,3.0,3.0,4,99.0
11,3,1,3,2.0,1.0,1.0,4,35.0
11,7,1,3,2.0,1.0,2.0,4,68.0
11,7,1,2,1.0,1.0,1.0,4,95.0
11,0,0,2,2.0,1.0,1.0,4,60.0
11,0,0,8,3.0,4.0,4.0,4,250.0
11,0,1,1,1.0,1.0,1.0,4,75.0
11,0,1,4,1.0,1.0,4.0,4,70.0
11,3,1,2,2.0,1.0,1.0,4,103.0
11,0,1,2,1.0,1.0,1.0,4,85.0
11,0,0,2,1.0,1.0,1.0,4,95.0
11,2,0,6,1.0,2.0,4.0,4,275.0
11,0,1,2,1.0,1.0,1.0,4,80.0
11,3,0,6,1.0,3.0,3.0,4,99.0
11,0,0,2,2.0,1.0,1.0,4,60.0
11,0,0,2,2.0,1.0,1.0,4,60.0
11,0,1,2,2.0,1.0,1.0,4,140.0
11,0,1,2,1.0,1.0,1.0,4,115.0
11,0,0,4,1.0,2.0,2.0,4,300.0
25,0,1,2,1.0,1.0,1.0,4,83.0
11,7,1,2,2.5,1.0,1.0,4,64.0
11,0,0,3,1.0,1.0,2.0,4,63.0
11,0,0,4,1.0,2.0,3.0,4,189.0
11,0,0,2,2.0,1.0,1.0,4,60.0
11,0,1,2,1.0,1.0,1.0,4,99.0
11,0,1,2,1.0,1.0,1.0,4,120.0
11,0,0,4,1.0,2.0,3.0,4,150.0
11,0,0,2,1.0,1.0,1.0,4,133.0
11,0,0,6,1.0,2.0,3.0,4,250.0
11,0,1,3,1.0,1.0,1.0,4,98.0
11,0,0,3,1.0,1.0,2.0,4,128.0
11,0,1,2,1.0,1.0,1.0,0,70.0
11,0,0,6,1.0,2.0,3.0,4,300.0
11,0,0,2,2.0,1.0,1.0,4,60.0
11,0,0,4,1.0,2.0,2.0,4,300.0
11,0,0,5,1.0,1.0,2.0,4,144.0
11,0,2,2,1.0,1.0,1.0,4,60.0
11,7,1,1,1.0,1.0,1.0,4,70.0
11,7,1,2,1.0,1.0,1.0,4,95.0
11,0,1,2,1.0,1.0,1.0,4,85.0
11,3,0,5,1.0,2.0,2.0,4,359.0
11,0,0,4,1.0,1.0,2.0,4,135.0
11,7,0,3,1.0,2.0,2.0,4,112.0
11,0,1,2,1.0,1.0,1.0,4,99.0
11,0,0,2,1.0,1.0,1.0,4,150.0
11,0,0,5,1.0,2.0,2.0,4,250.0
11,0,0,5,1.0,1.0,2.0,4,174.0
11,0,1,1,1.0,1.0,1.0,4,30.0
11,0,0,3,1.0,1.0,2.0,4,89.0
11,0,0,5,1.0,3.0,3.0,4,150.0
11,0,0,9,1.0,2.0,5.0,4,250.0
11,0,1,1,1.0,1.0,1.0,4,85.0
11,0,1,2,1.0,1.0,1.0,4,99.0
11,0,0,5,1.0,3.0,4.0,4,140.0
11,0,0,3,1.0,0.0,2.0,4,99.0
11,3,0,4,1.0,2.0,2.0,4,99.0
11,0,0,2,1.0,0.0,1.0,4,199.0
11,0,0,2,1.0,0.0,1.0,4,70.0
11,7,1,1,1.0,1.0,1.0,4,80.0
11,0,0,4,1.0,1.0,2.0,4,145.0
11,0,0,3,1.0,0.0,2.0,4,110.0
11,2,0,6,1.0,1.0,4.0,4,175.0
11,7,1,2,1.0,1.0,1.0,4,89.0
11,0,1,2,1.0,1.0,1.0,4,105.0
11,10,1,1,1.0,1.0,1.0,4,44.0
11,0,0,4,1.0,2.0,2.0,4,320.0
11,7,1,2,1.0,1.0,1.0,4,75.0
11,0,1,3,1.0,1.0,1.0,4,95.0
11,0,0,4,1.0,2.0,2.0,4,181.0
11,0,1,3,1.0,1.0,2.0,4,120.0
11,0,1,2,1.0,1.0,1.0,4,89.0
11,3,0,4,1.0,2.0,2.0,4,124.0
11,3,1,2,1.0,1.0,1.0,4,99.0
11,7,0,4,1.0,2.0,2.0,4,195.0
11,7,1,2,1.0,1.0,1.0,4,70.0
11,0,0,2,1.0,1.0,1.0,4,110.0
11,0,1,2,1.0,1.0,1.0,4,125.0
11,2,0,6,1.0,2.0,4.0,4,275.0
11,0,0,2,1.0,1.0,1.0,4,65.0
11,7,0,4,2.0,2.0,2.0,4,225.0
11,0,1,2,1.0,1.0,2.0,4,60.0
11,0,0,4,1.0,1.0,2.0,4,150.0
11,0,1,2,1.0,1.0,1.0,4,99.0
11,2,0,6,1.0,2.0,4.0,4,275.0
11,7,1,2,1.5,1.0,1.0,4,85.0
11,0,0,4,1.0,1.0,2.0,4,135.0
11,0,1,2,1.0,1.0,1.0,4,100.0
11,0,0,8,2.0,4.0,4.0,4,230.0
11,0,1,4,1.0,1.0,1.0,4,90.0
11,7,1,3,2.0,1.0,2.0,4,72.0
11,0,1,1,1.5,1.0,1.0,4,79.0
5,3,0,3,1.0,0.0,1.0,4,150.0
5,0,0,3,1.0,2.0,2.0,4,225.0
5,10,1,2,1.5,1.0,1.0,4,160.0
5,1,1,2,1.0,1.0,1.0,4,160.0
5,3,0,1,1.0,0.0,1.0,4,125.0
5,0,0,2,1.0,1.0,1.0,4,199.0
5,7,1,1,1.0,1.0,1.0,4,190.0
5,7,0,2,1.0,1.0,1.0,4,295.0
5,0,0,2,1.0,1.0,1.0,4,250.0
5,0,0,4,1.0,3.0,2.0,4,200.0
5,7,0,7,3.0,4.0,5.0,4,500.0
5,7,0,4,1.5,3.0,3.0,4,299.0
5,0,0,3,0.0,1.0,1.0,4,125.0
5,3,0,6,3.0,3.0,3.0,4,599.0
5,3,1,1,1.5,1.0,1.0,4,175.0
5,0,1,2,1.0,1.0,1.0,4,150.0
5,0,0,4,1.0,1.0,1.0,4,200.0
5,0,1,3,1.0,1.0,2.0,4,150.0
5,3,0,6,2.0,2.0,4.0,4,234.0
5,7,0,4,2.5,3.0,3.0,4,200.0
5,7,0,2,1.0,1.0,1.0,4,249.0
5,0,0,4,2.0,2.0,2.0,4,320.0
5,0,0,2,1.0,1.0,1.0,4,175.0
5,0,0,4,1.0,2.0,2.0,4,199.0
5,0,0,6,2.0,3.0,3.0,4,375.0
5,7,0,2,1.0,1.0,1.0,4,235.0
5,0,0,2,1.0,0.0,2.0,4,175.0
5,7,1,1,1.0,1.0,1.0,4,100.0
5,7,1,2,1.0,1.0,1.0,4,125.0
5,0,0,4,1.0,1.0,1.0,4,260.0
5,7,1,1,1.0,1.0,1.0,4,55.0
5,7,1,1,1.0,1.0,1.0,4,55.0
5,0,0,3,1.0,1.0,1.0,4,150.0
5,3,0,4,2.0,2.0,2.0,4,350.0
5,0,0,1,1.0,1.0,1.0,4,275.0
5,0,0,2,1.0,0.0,1.0,4,300.0
5,10,1,2,1.0,1.0,1.0,4,195.0
5,7,0,6,4.0,4.0,5.0,4,325.0
5,0,0,5,2.5,2.0,2.0,4,280.0
5,3,1,1,1.0,1.0,1.0,4,150.0
5,7,0,6,2.5,3.0,3.0,4,250.0
5,0,0,4,1.0,1.0,2.0,4,150.0
5,7,1,1,1.0,1.0,1.0,4,50.0
5,0,0,6,1.0,3.0,3.0,4,195.0
5,0,0,4,1.0,1.0,1.0,4,99.0
5,3,0,6,1.0,2.0,2.0,4,158.0
5,0,0,2,1.0,1.0,1.0,4,149.0
5,7,1,1,1.0,1.0,1.0,4,135.0
5,0,1,2,1.0,1.0,1.0,4,55.0
5,3,0,4,1.0,2.0,2.0,4,225.0
5,3,0,3,1.0,1.0,1.0,4,180.0
5,0,0,4,1.0,1.0,2.0,4,200.0
5,0,0,2,1.0,1.0,1.0,4,150.0
5,7,0,3,1.0,1.0,2.0,4,149.0
5,0,0,4,1.0,1.0,2.0,4,150.0
5,0,0,3,1.0,1.0,1.0,4,155.0
5,0,0,3,1.0,1.0,2.0,4,249.0
5,0,0,6,2.0,3.0,3.0,4,315.0
5,0,0,4,1.0,1.0,1.0,4,150.0
5,0,1,2,1.0,1.0,1.0,4,200.0
5,3,1,1,1.0,1.0,1.0,4,49.0
5,0,0,4,1.0,2.0,2.0,4,250.0
5,3,0,3,1.0,1.0,1.0,4,195.0
5,0,0,3,2.0,2.0,2.0,4,1000.0
5,0,0,3,1.0,2.0,2.0,4,225.0
5,0,0,4,1.0,1.0,1.0,4,275.0
5,0,0,4,1.0,2.0,2.0,4,150.0
5,0,1,2,1.0,1.0,1.0,4,80.0
5,0,0,3,2.0,2.0,2.0,4,330.0
5,0,0,8,1.0,2.0,3.0,4,169.0
5,3,0,4,1.0,2.0,3.0,4,165.0
5,1,1,2,1.0,1.0,1.0,4,175.0
5,1,1,2,1.0,1.0,1.0,4,210.0
5,0,1,2,1.5,1.0,1.0,4,39.0
5,10,1,2,1.5,1.0,1.0,4,160.0
5,0,0,2,1.0,1.0,1.0,4,200.0
5,0,1,2,1.0,1.0,1.0,4,125.0
5,0,0,8,1.0,2.0,4.0,4,299.0
5,7,1,2,1.0,1.0,1.0,2,200.0
28,0,0,2,1.0,1.0,1.0,4,249.0
28,0,0,4,1.0,1.0,2.0,4,185.0
28,0,0,4,2.0,2.0,2.0,4,349.0
28,0,0,3,1.0,1.0,1.0,4,169.0
28,0,0,4,2.0,2.0,2.0,4,310.0
28,0,0,5,2.0,2.0,2.0,4,119.0
28,3,1,2,1.0,1.0,2.0,4,105.0
28,0,0,5,2.0,2.0,3.0,4,146.0
28,0,0,4,1.0,2.0,2.0,4,349.0
28,0,0,7,2.0,3.0,4.0,4,168.0
28,0,0,7,2.0,3.0,4.0,4,224.0
28,0,0,4,2.0,2.0,2.0,4,299.0
28,0,0,5,2.0,2.0,3.0,4,395.0
28,0,0,3,1.0,1.0,1.0,4,169.0
28,0,1,1,1.0,1.0,1.0,4,155.0
28,0,0,5,2.0,2.0,2.0,4,249.0
28,0,0,4,2.0,2.0,2.0,4,315.0
28,0,0,5,2.0,2.0,2.0,4,199.0
28,0,0,3,1.0,1.0,2.0,4,220.0
28,0,0,5,2.0,2.0,2.0,4,199.0
2,0,1,2,1.0,1.0,1.0,4,95.0
28,0,0,5,2.0,2.0,2.0,4,199.0
28,0,0,3,1.0,1.0,1.0,4,169.0
28,0,0,5,2.0,2.0,2.0,4,199.0
28,0,0,3,1.0,1.0,1.0,4,169.0
28,0,0,3,1.0,1.0,1.0,4,169.0
28,0,0,3,1.0,1.0,1.0,4,169.0
28,0,0,5,2.0,2.0,2.0,4,199.0
28,0,0,5,2.0,2.0,2.0,4,199.0
28,0,0,2,1.0,1.0,1.0,4,249.0
28,0,0,5,2.0,2.0,2.0,4,199.0
28,0,0,5,2.0,2.0,2.0,4,199.0
28,0,0,10,2.5,3.0,3.0,4,450.0
2,0,0,2,1.0,0.0,1.0,4,99.0
28,0,0,2,1.0,1.0,1.0,4,249.0
28,0,0,5,2.0,2.0,2.0,4,199.0
28,0,0,4,1.0,1.0,1.0,4,135.0
28,0,0,3,1.0,1.0,1.0,4,189.0
28,0,0,3,1.0,1.0,2.0,4,209.0
28,0,0,3,1.0,1.0,2.0,4,280.0
28,0,0,5,2.0,2.0,3.0,4,269.0
28,0,0,4,1.0,1.0,2.0,4,219.0
2,0,0,3,1.0,1.0,1.0,4,110.0
2,3,0,4,1.0,2.0,2.0,4,275.0
2,0,0,4,2.5,2.0,1.0,4,200.0
28,0,0,2,1.0,1.0,1.0,4,425.0
2,0,0,2,1.0,1.0,1.0,4,150.0
2,0,0,4,1.0,2.0,2.0,4,128.0
2,0,0,2,1.0,1.0,1.0,4,177.0
2,0,0,5,1.0,2.0,2.0,4,220.0
2,0,0,2,1.0,1.0,1.0,4,155.0
2,0,0,1,1.0,1.0,1.0,4,159.0
2,0,0,2,1.0,0.0,1.0,4,99.0
2,0,1,2,2.0,1.0,1.0,4,120.0
2,1,1,2,1.0,1.0,1.0,4,270.0
2,0,1,1,1.0,1.0,1.0,4,150.0
2,7,0,3,1.0,0.0,2.0,4,199.0
2,0,1,2,1.0,1.0,1.0,4,120.0
2,0,0,2,1.0,0.0,1.0,4,133.0
2,0,0,3,1.0,1.0,1.0,4,275.0
2,0,0,2,1.0,0.0,1.0,4,165.0
2,0,0,2,1.0,1.0,1.0,4,300.0
2,0,1,1,1.0,1.0,1.0,4,100.0
2,0,1,1,1.0,1.0,1.0,4,85.0
2,0,0,6,1.5,3.0,3.0,4,769.0
2,0,0,2,1.0,0.0,1.0,4,155.0
2,0,1,1,1.0,1.0,1.0,4,85.0
2,0,0,4,1.0,1.0,1.0,4,299.0
2,0,0,2,1.0,1.0,2.0,4,143.0
2,3,0,4,1.5,2.0,3.0,4,260.0
2,0,0,6,1.0,2.0,2.0,4,299.0
2,0,0,2,1.0,0.0,1.0,4,155.0
2,0,0,4,1.0,1.0,2.0,4,250.0
2,0,1,2,1.0,1.0,1.0,4,75.0
2,0,0,2,1.0,0.0,1.0,4,137.0
2,0,0,2,1.0,1.0,1.0,4,225.0
2,0,0,3,1.0,2.0,2.0,4,220.0
2,3,0,2,1.0,1.0,1.0,4,210.0
2,0,0,2,1.0,2.0,2.0,4,147.0
2,0,1,2,1.0,1.0,1.0,4,180.0
2,0,0,2,1.0,0.0,1.0,4,209.0
2,0,0,2,1.0,1.0,1.0,4,103.0
2,0,1,1,1.0,1.0,1.0,4,113.0
2,0,0,2,1.0,1.0,1.0,4,175.0
2,0,0,2,1.0,1.0,1.0,4,238.0
2,0,0,2,1.0,2.0,1.0,4,250.0
2,0,1,1,1.0,1.0,1.0,0,100.0
2,0,0,2,1.0,0.0,1.0,4,200.0
2,3,0,3,1.0,1.0,1.0,4,200.0
2,0,0,2,1.0,0.0,1.0,4,184.0
2,3,0,4,1.5,2.0,2.0,4,305.0
2,0,1,2,1.0,1.0,1.0,4,130.0
2,0,0,2,1.0,0.0,1.0,4,200.0
2,3,0,4,2.0,2.0,2.0,4,600.0
2,0,0,2,1.0,1.0,1.0,4,200.0
2,3,1,2,1.0,1.0,1.0,4,199.0
2,0,0,3,1.0,2.0,2.0,4,275.0
2,0,0,4,1.0,2.0,2.0,4,199.0
2,0,0,3,1.0,1.0,1.0,4,140.0
2,0,0,2,1.0,1.0,2.0,4,375.0
2,1,1,2,1.0,1.0,1.0,4,104.0
2,7,0,8,3.5,4.0,6.0,4,650.0
2,0,0,2,1.0,1.0,1.0,4,395.0
2,0,0,2,1.0,0.0,1.0,4,157.0
2,0,0,4,1.0,1.0,2.0,4,185.0
2,0,2,1,1.0,1.0,1.0,3,100.0
2,0,0,2,1.0,1.0,1.0,4,200.0
2,0,1,2,1.0,1.0,1.0,4,330.0
2,0,0,4,1.0,1.0,2.0,4,229.0
2,0,0,2,1.0,1.0,1.0,4,130.0
2,0,1,2,1.0,1.0,1.0,4,200.0
2,0,0,2,1.0,1.0,1.0,4,157.0
2,0,0,2,1.0,1.0,1.0,4,189.0
2,0,1,2,1.0,1.0,1.0,4,250.0
2,7,0,3,2.0,2.0,2.0,4,375.0
2,0,0,6,1.0,2.0,2.0,4,324.0
2,0,0,2,1.0,0.0,1.0,4,195.0
2,0,0,2,1.0,0.0,1.0,4,150.0
2,0,0,2,1.0,1.0,1.0,4,147.0
2,0,0,2,1.0,1.0,1.0,4,275.0
2,3,0,2,1.0,1.0,1.0,4,130.0
2,0,0,2,1.0,1.0,1.0,4,197.0
2,0,0,2,1.0,0.0,1.0,4,150.0
2,0,0,7,3.0,5.0,5.0,4,849.0
2,0,0,3,1.0,1.0,2.0,4,200.0
27,0,0,4,1.0,1.0,3.0,4,350.0
2,0,0,2,1.0,1.0,1.0,4,195.0
2,0,0,2,1.0,0.0,1.0,4,145.0
2,0,0,3,1.0,1.0,2.0,4,125.0
2,0,0,2,1.0,1.0,1.0,4,199.0
2,0,0,2,1.0,0.0,1.0,4,195.0
2,0,0,2,1.0,0.0,1.0,4,155.0
2,0,1,2,1.0,1.0,1.0,4,130.0
2,0,0,3,1.0,1.0,2.0,4,289.0
2,3,1,4,1.0,1.0,3.0,4,175.0
2,0,0,2,1.0,0.0,2.0,4,99.0
2,0,0,3,1.0,1.0,1.0,4,175.0
2,0,0,2,1.0,0.0,1.0,4,107.0
2,0,0,4,1.0,1.0,2.0,4,225.0
2,0,0,2,1.0,0.0,1.0,4,175.0
2,0,0,4,1.0,1.0,3.0,4,225.0
2,0,0,4,1.0,2.0,2.0,4,220.0
2,0,0,2,1.0,0.0,1.0,4,178.0
2,0,0,2,1.0,0.0,1.0,4,175.0
2,3,0,4,2.0,2.0,2.0,4,300.0
2,0,0,3,1.0,0.0,1.0,4,200.0
2,0,1,2,1.0,1.0,1.0,4,195.0
2,0,0,3,1.0,1.0,2.0,4,200.0
2,10,0,7,2.5,4.0,5.0,4,700.0
2,0,1,1,1.0,1.0,1.0,4,200.0
2,0,0,3,1.0,1.0,1.0,4,230.0
2,0,1,2,1.0,1.0,1.0,4,499.0
2,0,1,1,0.0,1.0,1.0,4,110.0
2,0,0,2,1.0,1.0,1.0,4,185.0
2,0,0,2,1.0,0.0,1.0,4,150.0
2,0,0,2,1.0,1.0,1.0,4,175.0
2,0,0,2,1.0,1.0,1.0,4,179.0
2,0,0,3,1.0,1.0,2.0,4,269.0
2,0,0,2,1.0,1.0,1.0,4,285.0
2,7,0,7,2.0,4.0,4.0,4,690.0
2,0,1,1,1.0,1.0,1.0,4,150.0
2,0,1,1,1.0,1.0,1.0,4,175.0
2,0,0,8,2.0,4.0,5.0,4,600.0
2,0,0,3,1.0,1.0,1.0,4,114.0
2,0,0,4,2.0,2.0,2.0,4,500.0
2,0,0,3,1.0,1.0,1.0,4,250.0
2,0,1,1,2.0,1.0,1.0,4,90.0
2,0,0,2,1.0,0.0,1.0,4,129.0
2,0,0,2,1.0,0.0,1.0,4,140.0
2,0,0,2,1.0,1.0,1.0,4,210.0
2,0,0,3,1.0,1.0,1.0,4,125.0
2,0,0,2,1.0,1.0,2.0,4,188.0
2,0,0,2,1.0,1.0,1.0,4,150.0
2,0,0,5,1.5,2.0,2.0,4,375.0
2,0,0,2,1.0,1.0,1.0,4,245.0
2,0,0,2,1.0,0.0,2.0,4,150.0
2,0,0,2,1.0,1.0,1.0,4,250.0
2,0,1,2,1.0,1.0,1.0,4,130.0
2,0,0,7,1.0,2.0,3.0,4,250.0
2,0,0,1,1.0,1.0,1.0,4,120.0
2,0,0,2,1.0,1.0,1.0,4,220.0
2,0,0,4,2.0,2.0,2.0,4,300.0
2,0,0,3,1.0,1.0,1.0,4,199.0
2,0,0,2,1.0,0.0,1.0,4,155.0
2,0,0,4,1.5,2.0,2.0,4,230.0
2,0,0,3,1.0,1.0,2.0,4,159.0
2,10,1,1,2.0,1.0,1.0,4,202.0
2,0,0,2,1.0,0.0,1.0,4,229.0
2,1,1,1,1.0,1.0,1.0,4,79.0
2,0,0,4,1.0,1.0,1.0,4,210.0
2,0,0,2,1.0,0.0,1.0,4,129.0
2,0,0,4,1.0,1.0,1.0,4,200.0
2,0,0,4,1.0,1.0,1.0,4,229.0
2,0,0,2,1.0,0.0,1.0,4,160.0
2,0,0,6,1.0,2.0,3.0,4,135.0
2,0,0,2,1.0,0.0,2.0,4,99.0
2,0,1,2,1.0,1.0,1.0,4,115.0
2,0,0,2,1.0,1.0,1.0,4,175.0
2,0,0,2,1.0,0.0,1.0,4,229.0
2,0,0,2,1.0,1.0,1.0,4,199.0
27,0,0,3,1.0,0.0,1.0,4,133.0
27,0,0,3,1.0,1.0,1.0,4,120.0
27,0,0,4,2.0,2.0,2.0,4,329.0
7,0,0,4,1.0,2.0,2.0,4,349.0
10,0,0,4,1.0,1.0,2.0,4,209.0
28,0,0,2,1.5,0.0,1.0,4,200.0
7,0,0,6,1.0,2.0,2.0,4,375.0
27,0,0,5,1.5,2.0,2.0,4,350.0
9,0,1,8,1.0,1.0,2.0,4,70.0
27,0,0,2,1.0,1.0,1.0,4,250.0
28,0,0,4,2.0,2.0,2.0,4,329.0
28,0,0,5,2.0,2.0,2.0,4,119.0
27,0,0,3,1.0,0.0,2.0,4,158.0
27,0,0,3,1.0,0.0,1.0,4,150.0
27,8,0,4,2.0,2.0,2.0,4,279.0
27,8,0,7,3.0,3.0,3.0,4,500.0
27,0,0,2,1.0,1.0,1.0,4,269.0
27,0,0,2,1.0,1.0,1.0,4,152.0
10,0,0,6,1.0,2.0,3.0,4,295.0
27,0,0,3,1.0,1.0,1.0,4,128.0
27,0,0,3,1.0,0.0,1.0,4,220.0
10,0,0,8,1.0,3.0,3.0,4,334.0
28,0,0,2,1.0,1.0,1.0,4,220.0
2,0,0,4,1.0,1.0,1.0,4,239.0
27,0,0,2,1.0,0.0,1.0,4,150.0
28,0,0,5,2.0,2.0,3.0,4,153.0
13,0,1,4,1.0,1.0,1.0,4,250.0
2,0,0,3,1.0,1.0,2.0,4,204.0
21,2,1,2,1.0,1.0,1.0,4,345.0
28,0,0,7,2.0,3.0,4.0,4,181.0
10,11,0,2,1.0,1.0,1.0,4,190.0
2,0,0,3,1.0,1.0,1.0,4,150.0
13,12,1,4,1.0,1.0,1.0,4,100.0
18,8,1,3,1.0,1.0,1.0,4,139.0
2,0,0,2,1.0,1.0,1.0,4,275.0
28,0,0,5,1.0,1.0,1.0,4,135.0
13,3,1,4,1.0,1.0,2.0,4,250.0
13,9,0,4,1.0,1.0,1.0,4,250.0
7,0,0,5,2.0,2.0,2.0,4,199.0
27,0,0,4,1.0,1.0,1.0,4,300.0
2,0,0,4,1.0,1.0,1.0,4,249.0
14,0,0,7,2.0,3.0,4.0,4,167.0
9,0,0,3,1.0,1.0,1.0,4,400.0
13,12,1,4,1.0,1.0,2.0,4,400.0
10,0,0,6,1.0,2.0,3.0,4,285.0
28,0,0,4,1.0,2.0,2.0,4,250.0
2,3,0,2,1.0,1.0,1.0,4,175.0
28,0,1,1,1.0,1.0,1.0,4,110.0
27,0,0,2,1.0,1.0,1.0,4,179.0
18,8,0,4,2.0,2.0,2.0,4,400.0
10,0,0,2,1.0,1.0,1.0,4,289.0
28,0,2,2,1.0,1.0,2.0,0,103.0
2,0,0,4,1.0,0.0,2.0,4,107.0
27,0,0,4,1.0,1.0,1.0,4,175.0
10,0,0,7,1.0,2.0,4.0,4,265.0
27,0,0,3,1.0,0.0,1.0,4,220.0
14,0,0,3,1.0,1.0,1.0,4,199.0
10,0,0,3,1.0,0.0,1.0,4,220.0
2,0,0,2,1.0,0.0,1.0,4,160.0
2,0,0,4,1.0,1.0,2.0,4,230.0
27,0,0,2,1.0,1.0,1.0,4,209.0
10,0,0,4,1.0,2.0,2.0,4,285.0
10,0,0,4,1.0,1.0,2.0,4,265.0
9,0,0,3,1.0,1.0,2.0,4,185.0
28,0,0,2,1.0,1.0,1.0,4,225.0
28,0,0,3,1.0,1.0,1.0,4,249.0
7,0,0,3,1.0,1.0,1.0,4,169.0
2,0,0,2,1.0,1.0,1.0,4,325.0
10,0,1,2,1.0,1.0,1.0,4,250.0
10,0,0,4,1.0,1.0,2.0,4,189.0
10,0,1,2,1.0,1.0,1.0,4,400.0
28,0,0,4,1.5,2.0,2.0,4,299.0
27,0,0,4,1.0,1.0,2.0,4,209.0
7,0,0,5,2.0,2.0,2.0,4,199.0
2,0,0,3,1.0,1.0,1.0,4,154.0
9,1,1,8,1.0,1.0,2.0,4,70.0
27,0,2,1,1.0,1.0,1.0,3,99.0
7,0,0,3,1.0,1.0,1.0,4,169.0
13,9,0,4,1.0,1.0,2.0,4,399.0
27,0,0,2,1.0,1.0,1.0,4,400.0
7,0,0,5,2.0,2.0,2.0,4,199.0
7,0,0,5,2.0,2.0,2.0,4,199.0
27,0,1,1,1.0,1.0,1.0,4,80.0
9,0,0,2,1.0,0.0,1.0,4,150.0
9,0,0,4,2.0,2.0,3.0,4,235.0
9,0,0,3,1.5,1.0,1.0,4,175.0
1,3,0,4,1.0,1.0,1.0,4,550.0
14,0,0,4,1.0,1.0,2.0,4,250.0
28,0,0,4,1.0,1.0,2.0,4,229.0
1,0,0,4,2.0,2.0,2.0,4,275.0
10,0,0,4,1.0,2.0,2.0,4,325.0
13,0,1,4,1.0,1.0,1.0,4,135.0
2,3,0,1,1.0,0.0,1.0,4,175.0
28,0,1,1,1.0,1.0,1.0,4,390.0
18,0,0,3,1.0,0.0,2.0,4,160.0
27,0,0,3,1.0,1.0,1.0,4,184.0
28,0,0,3,1.0,0.0,1.0,4,240.0
7,0,0,2,1.0,1.0,1.0,4,269.0
10,0,0,4,1.0,2.0,2.0,4,310.0
10,0,0,2,1.0,1.0,1.0,4,285.0
28,0,0,4,2.0,2.0,2.0,4,299.0
10,0,0,2,1.0,1.0,1.0,4,289.0
27,0,1,2,1.0,1.0,2.0,4,190.0
27,1,1,2,2.0,1.0,1.0,4,115.0
27,0,0,3,1.0,0.0,1.0,4,225.0
27,0,0,4,1.0,1.0,2.0,4,200.0
2,0,0,2,1.0,1.0,1.0,4,175.0
13,0,0,4,2.0,2.0,2.0,4,249.0
10,0,0,2,1.0,0.0,1.0,4,229.0
21,0,0,2,1.5,1.0,1.0,4,425.0
28,0,0,4,1.0,1.0,2.0,4,200.0
27,7,0,10,2.5,3.0,9.0,4,350.0
28,0,0,2,1.0,1.0,1.0,4,249.0
1,7,0,6,2.0,2.0,4.0,4,375.0
28,0,0,4,2.0,2.0,2.0,4,329.0
28,0,0,5,2.0,2.0,2.0,4,119.0
28,0,0,5,2.0,2.0,2.0,4,119.0
10,0,0,2,1.0,0.0,1.0,4,239.0
28,0,0,4,1.0,1.0,2.0,4,219.0
13,0,0,4,1.0,2.0,2.0,4,365.0
13,0,0,6,2.0,2.0,3.0,4,375.0
27,0,0,4,2.0,2.0,2.0,4,329.0
28,0,0,5,2.0,2.0,2.0,4,119.0
10,0,2,2,1.0,1.0,1.0,0,95.0
28,0,0,5,2.0,2.0,2.0,4,119.0
7,0,0,5,2.0,2.0,2.0,4,119.0
7,0,0,5,2.0,2.0,2.0,4,119.0
28,0,0,4,2.0,2.0,2.0,4,300.0
27,0,1,1,1.0,1.0,1.0,4,125.0
7,0,0,5,2.0,2.0,2.0,4,119.0
13,9,1,4,1.0,1.0,2.0,4,300.0
2,0,0,2,1.0,1.0,1.0,4,150.0
9,12,0,4,1.0,1.0,1.0,4,287.0
28,0,0,4,1.0,1.0,2.0,4,249.0
2,0,0,2,1.0,0.0,1.0,4,155.0
10,0,0,6,2.0,2.0,3.0,3,250.0
10,0,0,4,1.0,2.0,2.0,4,325.0
13,12,0,4,1.0,1.0,2.0,4,240.0
13,0,0,6,2.0,2.0,3.0,4,375.0
10,0,0,4,1.0,1.0,2.0,4,225.0
7,0,0,5,2.0,2.0,3.0,4,389.0
2,0,0,2,1.0,1.0,1.0,4,175.0
10,0,0,6,1.0,2.0,3.0,4,365.0
10,8,0,4,2.0,1.0,2.0,4,449.0
27,0,0,4,2.0,2.0,2.0,4,600.0
10,0,0,2,1.0,1.0,1.0,4,249.0
7,0,0,3,1.0,1.0,2.0,4,293.0
12,0,1,2,1.0,1.0,1.0,4,45.0
12,0,1,3,0.0,1.0,1.0,4,249.0
12,0,0,4,2.0,2.0,2.0,4,349.0
12,0,0,4,2.0,2.0,2.0,4,349.0
12,0,0,3,1.0,1.0,1.0,4,309.0
12,3,0,2,1.0,0.0,1.0,4,350.0
12,0,0,4,0.0,2.0,2.0,4,349.0
12,0,0,2,1.0,1.0,1.0,4,158.0
12,0,1,1,1.0,1.0,0.0,4,80.0
12,0,1,1,1.0,1.0,1.0,4,1372.0
12,0,0,4,2.0,2.0,3.0,4,275.0
12,0,0,5,2.0,2.0,2.0,4,319.0
12,0,0,3,1.0,1.0,1.0,4,200.0
12,0,0,4,2.0,2.0,3.0,4,375.0
1,3,0,4,1.0,1.0,2.0,4,225.0
12,0,0,2,1.0,1.0,1.0,4,100.0
12,0,1,2,1.0,1.0,1.0,4,67.0
12,0,1,2,1.0,1.0,2.0,4,175.0
12,0,1,2,1.0,1.0,1.0,4,99.0
12,0,0,4,1.0,0.0,1.0,4,99.0
12,0,0,4,1.0,1.0,2.0,4,127.0
12,0,0,3,1.0,1.0,1.0,4,225.0
12,0,0,3,1.0,1.0,1.0,4,300.0
1,0,0,3,1.0,1.0,1.0,4,199.0
12,0,0,3,1.0,1.0,1.0,4,300.0
12,0,0,3,1.0,1.0,1.0,4,300.0
12,0,0,4,1.0,2.0,2.0,4,200.0
12,0,1,2,1.0,1.0,1.0,4,75.0
12,0,0,3,1.0,1.0,2.0,4,228.0
12,0,1,1,1.0,1.0,1.0,2,99.0
12,0,0,4,1.0,1.0,1.0,4,99.0
12,0,1,2,1.0,1.0,2.0,4,298.0
12,0,0,3,1.0,1.0,1.0,4,200.0
12,0,0,2,1.0,1.0,1.0,4,299.0
12,0,0,1,1.0,0.0,1.0,4,90.0
12,0,0,3,1.0,1.0,2.0,4,285.0
12,0,0,5,2.0,2.0,3.0,4,279.0
12,0,0,4,1.0,1.0,2.0,4,140.0
12,0,1,2,1.0,1.0,1.0,4,60.0
12,0,0,2,1.0,0.0,1.0,4,130.0
12,0,0,3,1.0,1.0,1.0,4,189.0
12,0,0,5,2.0,2.0,3.0,4,279.0
12,0,0,3,1.0,1.0,2.0,4,140.0
12,0,0,2,1.0,0.0,1.0,4,140.0
12,0,0,2,1.0,0.0,1.0,4,160.0
12,0,1,1,1.0,1.0,1.0,4,75.0
12,0,0,3,1.0,1.0,1.0,4,239.0
12,0,1,1,1.0,1.0,1.0,4,74.0
12,0,0,2,1.0,1.0,1.0,4,135.0
12,0,1,2,1.0,1.0,1.0,4,125.0
1,3,1,3,2.0,1.0,1.0,4,120.0
12,0,0,2,1.0,1.0,1.0,4,100.0
12,0,0,4,1.0,1.0,2.0,4,219.0
12,0,0,4,1.0,1.0,2.0,4,100.0
12,0,1,1,1.0,1.0,1.0,4,55.0
12,0,0,2,1.0,1.0,1.0,4,300.0
12,0,1,2,1.0,1.0,2.0,4,85.0
12,0,0,2,1.0,1.0,1.0,4,232.0
12,0,1,2,1.0,1.0,1.0,4,77.0
12,0,0,3,1.0,1.0,1.0,4,140.0
12,0,0,5,2.0,2.0,2.0,4,349.0
12,0,0,5,2.0,2.0,2.0,4,319.0
12,0,1,2,1.0,1.0,1.0,4,97.0
12,0,0,4,2.0,2.0,2.0,4,100.0
12,0,0,5,2.0,2.0,3.0,4,429.0
12,0,1,1,3.0,1.0,1.0,4,30.0
12,0,2,2,1.0,1.0,1.0,3,80.0
12,0,0,4,1.0,1.0,2.0,4,120.0
12,0,0,5,2.0,2.0,3.0,4,279.0
12,0,0,6,1.0,2.0,2.0,4,192.0
12,0,0,2,1.0,1.0,1.0,4,220.0
12,0,1,2,1.0,1.0,1.0,4,69.0
12,0,0,4,1.0,1.0,2.0,4,4000.0
12,3,0,1,1.0,1.0,1.0,4,295.0
12,0,2,1,1.0,1.0,1.0,0,85.0
12,0,2,2,1.0,1.0,1.0,4,60.0
12,0,0,5,2.0,2.0,3.0,4,279.0
12,0,0,2,1.0,1.0,1.0,4,239.0
12,0,0,5,2.0,2.0,2.0,4,199.0
12,0,1,3,1.0,1.0,1.0,0,83.0
12,0,0,4,1.0,0.0,1.0,4,189.0
12,0,0,10,1.0,1.0,16.0,4,229.0
12,0,0,3,1.0,1.0,1.0,4,289.0
12,0,0,2,1.0,0.0,1.0,4,110.0
12,7,1,3,1.0,1.0,1.0,4,149.0
12,0,0,2,1.0,0.0,1.0,4,200.0
12,0,0,5,2.0,2.0,2.0,4,319.0
12,0,0,5,2.0,2.0,2.0,4,319.0
12,0,0,2,1.0,1.0,1.0,4,260.0
12,0,1,2,1.0,1.0,1.0,4,50.0
12,0,0,4,1.0,2.0,2.0,4,349.0
12,0,0,5,2.0,2.0,2.0,4,319.0
12,0,0,5,2.0,2.0,3.0,4,279.0
12,0,1,1,1.0,1.0,1.0,4,80.0
12,0,0,2,1.0,1.0,1.0,4,199.0
12,0,1,1,1.0,1.0,1.0,4,77.0
12,0,0,3,1.0,1.0,1.0,4,259.0
12,0,0,5,2.0,2.0,2.0,4,326.0
12,0,0,5,2.0,2.0,2.0,4,199.0
12,0,0,3,1.0,1.0,1.0,4,169.0
12,0,1,1,1.0,1.0,1.0,4,70.0
12,0,1,2,1.0,1.0,1.0,4,98.0
12,0,0,3,1.0,1.0,1.0,4,349.0
12,0,1,2,2.0,1.0,1.0,4,90.0
12,0,0,5,2.0,2.0,2.0,4,319.0
12,0,1,1,1.0,1.0,1.0,4,70.0
12,0,0,3,1.0,1.0,2.0,4,379.0
12,0,0,4,2.0,2.0,2.0,4,315.0
1,0,0,6,1.0,1.0,2.0,4,200.0
12,0,0,3,1.0,1.0,2.0,4,145.0
12,0,0,5,2.0,2.0,2.0,4,319.0
12,0,0,5,2.0,2.0,2.0,4,199.0
12,0,1,1,0.5,1.0,1.0,4,52.0
12,0,0,3,1.0,1.0,1.0,4,169.0
12,0,1,2,1.0,1.0,2.0,4,75.0
12,0,0,2,1.0,1.0,1.0,4,193.0
12,0,0,4,1.0,0.0,2.0,4,155.0
12,0,0,3,1.0,1.0,1.0,4,150.0
12,0,0,8,1.0,2.0,3.0,4,299.0
12,0,0,5,2.0,2.0,2.0,4,199.0
12,0,0,3,1.0,1.0,1.0,4,169.0
12,0,0,2,1.0,0.0,1.0,4,103.0
12,0,0,5,2.0,2.0,2.0,4,319.0
12,0,0,2,1.0,0.0,1.0,4,120.0
12,0,0,3,1.0,1.0,1.0,4,169.0
12,0,0,1,1.0,0.0,1.0,4,72.0
12,0,0,2,1.0,1.0,1.0,4,160.0
12,0,0,5,2.0,2.0,2.0,4,199.0
12,0,1,1,1.0,1.0,1.0,4,52.0
12,0,0,5,1.0,2.0,2.0,4,200.0
12,0,0,4,2.0,2.0,2.0,4,315.0
12,0,0,5,2.0,2.0,2.0,4,319.0
12,0,0,2,1.0,1.0,1.0,4,180.0
12,0,1,2,1.0,1.0,1.0,4,220.0
12,0,0,3,1.0,1.0,1.0,4,199.0
12,3,0,1,1.0,1.0,1.0,4,310.0
12,0,0,3,1.0,1.0,1.0,4,238.0
12,0,0,5,2.0,2.0,2.0,4,199.0
12,0,0,5,2.0,2.0,3.0,4,279.0
12,0,0,3,1.0,0.0,1.0,4,142.0
12,0,0,5,2.0,2.0,2.0,4,199.0
12,0,0,3,1.0,1.0,1.0,4,169.0
12,0,0,3,1.0,1.0,2.0,4,225.0
12,0,0,4,1.0,0.0,2.0,4,150.0
12,0,0,5,2.0,2.0,2.0,4,199.0
12,0,1,2,1.0,1.0,1.0,4,110.0
12,0,0,3,1.0,1.0,1.0,4,229.0
12,0,0,3,1.0,1.0,2.0,4,285.0
12,0,0,4,1.0,2.0,2.0,4,400.0
12,0,0,3,1.0,1.0,2.0,4,190.0
12,0,0,4,2.0,2.0,2.0,4,500.0
12,0,0,3,1.0,1.0,1.0,4,169.0
12,0,0,5,2.0,2.0,3.0,4,241.0
12,0,1,1,1.0,1.0,1.0,4,100.0
12,0,0,3,1.0,0.0,1.0,4,99.0
12,0,1,1,1.0,1.0,2.0,4,90.0
12,0,0,5,2.0,2.0,2.0,4,199.0
12,0,1,1,1.0,1.0,1.0,3,100.0
12,0,0,4,1.0,1.0,1.0,4,200.0
12,3,0,4,2.5,2.0,2.0,4,395.0
12,0,1,2,1.0,1.0,1.0,4,90.0
12,0,0,5,2.0,2.0,2.0,4,319.0
12,0,0,3,1.0,1.0,1.0,4,349.0
12,0,0,2,1.0,0.0,1.0,4,159.0
12,0,0,2,1.0,1.0,1.0,4,289.0
12,0,1,2,1.0,1.0,1.0,4,80.0
12,0,0,5,2.0,1.0,2.0,4,319.0
12,0,0,3,1.0,1.0,1.0,4,189.0
12,0,0,3,1.0,0.0,2.0,2,150.0
12,0,0,3,1.0,0.0,2.0,4,150.0
12,0,2,1,1.0,1.0,1.0,4,750.0
12,0,0,2,1.0,0.0,1.0,4,99.0
12,0,0,3,1.0,1.0,1.0,4,169.0
12,0,0,5,2.0,2.0,2.0,4,319.0
12,0,0,3,1.0,1.0,1.0,4,349.0
12,0,0,3,1.0,1.0,2.0,4,232.0
12,0,0,3,1.0,1.0,1.0,4,190.0
12,0,0,2,1.0,1.0,1.0,4,229.0
12,0,0,3,1.0,1.0,1.0,4,169.0
12,0,0,3,1.0,1.0,1.0,4,169.0
12,0,1,1,1.0,1.0,1.0,4,159.0
12,0,0,5,2.0,2.0,2.0,4,603.0
12,0,1,4,1.0,1.0,2.0,4,80.0
12,0,0,3,1.0,1.0,1.0,4,349.0
12,0,0,4,1.0,1.0,2.0,4,120.0
12,0,0,4,1.0,0.0,1.0,4,275.0
12,0,0,2,1.0,1.0,1.0,4,155.0
12,0,0,2,1.0,1.0,1.0,4,170.0
12,0,0,2,1.0,1.0,1.0,4,232.0
12,0,0,5,2.0,2.0,2.0,4,319.0
12,0,1,2,1.0,1.0,1.0,4,67.0
12,0,0,3,1.0,1.0,1.0,4,169.0
1,3,1,2,1.0,1.0,1.0,4,279.0
12,0,0,4,1.0,1.0,2.0,4,210.0
12,0,0,5,2.0,2.0,2.0,4,319.0
12,0,1,3,1.0,1.0,1.0,4,123.0
12,0,0,2,1.0,1.0,1.0,4,200.0
12,0,0,2,1.0,1.0,1.0,4,180.0
12,0,0,2,1.0,1.0,1.0,4,300.0
12,0,0,3,1.0,1.0,1.0,4,249.0
12,0,0,4,2.0,2.0,2.0,4,349.0
12,0,0,5,2.0,2.0,3.0,4,279.0
12,0,0,5,2.0,2.0,2.0,4,199.0
12,0,0,5,2.0,2.0,3.0,4,603.0
12,0,1,1,1.5,1.0,1.0,4,57.0
12,0,0,3,1.0,1.0,2.0,4,219.0
12,0,0,5,2.0,2.0,2.0,4,319.0
12,0,0,3,1.0,1.0,1.0,4,169.0
12,0,0,4,1.0,0.0,2.0,4,195.0
12,0,1,2,1.0,1.0,1.0,4,115.0
12,0,0,3,1.0,1.0,1.0,4,229.0
12,0,0,5,2.0,2.0,2.0,4,319.0
12,0,0,4,1.0,2.0,2.0,4,200.0
12,0,1,2,1.0,1.0,1.0,4,89.0
12,0,0,5,1.0,2.0,3.0,4,295.0
12,0,0,3,1.0,1.0,1.0,4,299.0
12,0,1,2,2.0,1.0,1.0,4,1275.0
12,0,0,5,2.0,2.0,2.0,4,319.0
12,0,0,4,2.0,2.0,2.0,4,249.0
12,0,0,3,1.0,1.0,1.0,4,249.0
12,1,1,2,1.0,1.0,1.0,4,175.0
12,0,0,2,1.0,1.0,1.0,4,95.0
12,0,1,1,1.0,1.0,1.0,4,100.0
12,0,0,3,1.5,2.0,2.0,4,245.0
12,0,0,2,1.0,1.0,1.0,4,200.0
12,0,1,2,1.0,1.0,1.0,4,63.0
12,0,0,5,2.0,2.0,2.0,4,279.0
12,0,0,2,1.0,1.0,1.0,4,209.0
12,0,0,5,2.0,2.0,2.0,4,199.0
12,0,0,2,1.0,0.0,1.0,4,96.0
12,0,0,3,1.0,0.0,1.0,4,139.0
12,0,2,1,1.0,1.0,1.0,4,50.0
12,7,0,3,1.0,1.0,3.0,4,190.0
12,0,1,2,1.0,1.0,1.0,4,70.0
12,0,0,5,2.0,2.0,2.0,4,319.0
12,0,1,2,1.0,1.0,2.0,4,175.0
12,0,1,2,1.5,1.0,1.0,4,89.0
12,0,0,5,2.0,2.0,2.0,4,319.0
12,0,0,2,1.0,1.0,1.0,4,150.0
12,0,0,2,1.0,1.0,1.0,4,359.0
12,0,0,3,1.0,1.0,1.0,4,309.0
12,0,0,5,2.0,2.0,2.0,4,319.0
12,0,0,2,1.0,1.0,1.0,4,310.0
12,0,0,2,1.0,1.0,1.0,4,155.0
12,0,0,3,1.0,0.0,2.0,4,115.0
12,0,0,2,1.0,1.0,1.0,4,289.0
12,0,0,5,2.0,2.0,3.0,4,279.0
12,0,1,1,1.0,1.0,1.0,4,60.0
12,0,2,1,1.0,1.0,1.0,1,79.0
12,3,0,4,1.0,1.0,3.0,4,699.0
0,0,1,1,1.0,1.0,1.0,4,999.0
0,0,0,2,1.0,1.0,1.0,4,198.0
0,7,1,2,1.5,1.0,1.0,4,99.0
0,0,1,2,1.0,1.0,1.0,4,75.0
0,0,1,2,3.0,1.0,1.0,4,79.0
0,0,1,2,1.0,1.0,1.0,4,85.0
0,0,1,2,1.0,1.0,1.0,4,85.0
0,0,1,2,1.0,1.0,1.0,4,75.0
0,0,1,2,1.0,1.0,1.0,4,145.0
0,0,1,2,1.0,1.0,1.0,4,50.0
0,0,2,1,1.0,1.0,1.0,1,30.0
0,7,1,2,1.0,1.0,1.0,4,79.0
0,0,1,2,1.0,1.0,1.0,4,100.0
0,0,2,4,1.0,1.0,2.0,4,199.0
0,1,1,2,1.0,1.0,1.0,4,79.0
0,0,1,2,1.0,1.0,1.0,4,55.0
0,0,1,2,1.0,1.0,1.0,4,85.0
0,7,0,2,1.0,1.0,1.0,4,150.0
0,7,1,1,1.5,1.0,1.0,4,58.0
0,0,1,2,1.0,1.0,1.0,4,58.0
0,0,1,1,1.0,1.0,1.0,0,200.0
0,0,0,6,1.0,3.0,3.0,4,193.0
0,0,1,2,1.0,1.0,2.0,4,50.0
0,7,2,1,1.5,1.0,1.0,4,58.0
0,0,1,2,1.0,1.0,1.0,4,45.0
0,0,0,2,1.0,2.0,1.0,4,115.0
0,10,1,2,2.5,1.0,1.0,4,85.0
0,0,0,4,1.0,1.0,2.0,4,110.0
0,0,0,4,1.0,1.0,1.0,4,135.0
0,7,1,4,1.5,1.0,2.0,4,125.0
0,0,2,1,1.0,1.0,1.0,0,40.0
0,0,0,2,1.0,1.0,1.0,4,112.0
0,7,1,1,1.5,1.0,1.0,2,72.0
0,0,2,2,1.0,1.0,1.0,4,44.0
0,0,1,4,1.0,1.0,1.0,4,53.0
0,7,0,2,2.0,3.0,3.0,4,150.0
0,0,0,4,1.0,1.0,2.0,4,140.0
0,0,0,2,1.0,1.0,1.0,4,110.0
0,0,1,2,1.5,1.0,1.0,4,75.0
0,7,1,1,1.5,1.0,1.0,4,45.0
0,0,1,2,1.0,1.0,1.0,4,75.0
0,7,1,2,1.0,1.0,1.0,4,89.0
0,7,1,1,1.0,1.0,1.0,4,42.0
0,3,1,1,1.0,1.0,1.0,4,30.0
0,7,1,1,1.0,1.0,1.0,4,30.0
0,0,1,2,1.0,1.0,1.0,4,103.0
0,0,0,4,1.0,2.0,2.0,4,250.0
0,0,1,1,0.5,1.0,1.0,4,79.0
0,0,0,3,1.0,1.0,2.0,4,125.0
0,3,1,2,1.0,1.0,1.0,4,100.0
0,3,0,2,1.0,1.0,1.0,4,79.0
0,7,1,2,1.0,1.0,1.0,4,59.0
0,0,0,4,1.0,1.0,2.0,4,95.0
0,0,0,5,1.0,2.0,2.0,4,125.0
0,0,1,1,1.0,1.0,1.0,0,195.0
0,0,1,1,0.5,1.0,1.0,4,81.0
0,0,0,2,1.0,1.0,2.0,4,114.0
0,9,2,1,0.0,1.0,1.0,1,225.0
0,0,1,1,3.0,1.0,1.0,4,45.0
0,7,1,2,1.0,1.0,1.0,4,129.0
0,7,0,6,2.5,3.0,6.0,4,190.0
0,0,1,2,1.0,1.0,1.0,4,48.0
0,7,0,11,1.5,5.0,6.0,4,400.0
0,0,1,3,1.0,1.0,1.0,4,227.0
0,0,0,2,1.0,1.0,1.0,4,184.0
0,0,1,2,1.0,1.0,2.0,4,55.0
0,0,1,2,1.0,1.0,1.0,4,110.0
0,7,1,2,1.0,1.0,1.0,4,89.0
0,0,1,2,3.0,1.0,1.0,4,85.0
0,0,2,2,2.0,1.0,1.0,3,40.0
0,7,1,1,2.5,1.0,1.0,4,30.0
0,0,0,2,1.0,1.0,1.0,4,250.0
0,0,0,2,1.0,1.0,1.0,4,70.0
0,0,0,5,1.0,2.0,3.0,4,80.0
0,7,1,2,1.0,1.0,1.0,4,79.0
0,7,0,12,2.0,4.0,8.0,4,450.0
0,0,0,1,1.0,1.0,1.0,2,85.0
0,7,1,2,1.0,1.0,1.0,4,75.0
0,7,1,1,2.0,1.0,1.0,4,125.0
0,0,0,2,1.0,0.0,1.0,4,89.0
0,0,1,2,1.0,1.0,1.0,4,65.0
0,0,1,2,1.0,1.0,1.0,4,49.0
0,0,0,4,1.0,0.0,2.0,4,85.0
0,0,0,5,2.0,2.0,2.0,4,165.0
0,0,0,4,1.0,2.0,2.0,4,120.0
0,7,1,2,1.0,1.0,1.0,4,75.0
0,0,1,1,1.0,1.0,1.0,4,69.0
0,7,1,2,1.0,1.0,2.0,4,99.0
0,7,1,2,1.0,1.0,1.0,4,79.0
0,7,1,1,1.0,1.0,1.0,4,40.0
0,0,0,4,1.0,2.0,2.0,4,150.0
0,10,1,1,1.5,1.0,1.0,4,59.0
0,3,0,6,2.0,2.0,3.0,4,200.0
0,0,0,2,1.0,1.0,2.0,4,175.0
0,7,1,2,1.0,1.0,1.0,4,120.0
0,0,0,6,2.0,2.0,3.0,4,194.0
0,0,0,3,1.0,1.0,2.0,4,250.0
0,0,1,1,3.0,1.0,1.0,4,38.0
0,0,1,2,1.0,1.0,1.0,4,85.0
0,0,0,4,1.0,2.0,2.0,4,139.0
0,7,1,2,1.0,1.0,1.0,4,65.0
0,0,0,2,1.0,1.0,2.0,4,99.0
0,0,0,4,1.0,2.0,2.0,4,300.0
0,7,1,2,1.0,1.0,1.0,4,68.0
0,7,1,1,1.0,1.0,1.0,4,55.0
0,7,1,1,1.5,1.0,1.0,4,55.0
0,3,0,6,1.0,2.0,3.0,4,150.0
0,3,0,6,1.0,1.0,3.0,2,163.0
0,7,0,6,1.0,3.0,3.0,4,283.0
0,7,0,5,1.0,1.0,2.0,4,140.0
0,0,1,1,1.0,1.0,1.0,4,29.0
0,0,1,1,1.5,1.0,1.0,4,32.0
0,4,1,3,1.0,1.0,1.0,4,50.0
0,0,1,2,1.0,1.0,1.0,4,70.0
0,0,0,10,1.0,3.0,7.0,4,500.0
0,7,1,2,2.0,1.0,1.0,4,60.0
0,0,0,6,2.0,5.0,5.0,4,195.0
0,0,1,2,1.0,1.0,1.0,4,110.0
0,0,1,2,1.0,1.0,1.0,4,50.0
0,0,0,4,1.0,1.0,1.0,4,148.0
0,0,0,2,1.0,0.0,1.0,3,120.0
0,7,0,4,1.0,2.0,2.0,4,140.0
0,7,1,1,1.0,1.0,1.0,4,60.0
0,0,1,1,1.0,1.0,1.0,4,39.0
0,0,0,5,1.0,3.0,4.0,4,285.0
0,0,0,2,1.0,1.0,1.0,4,52.0
0,7,1,3,1.0,1.0,2.0,4,115.0
0,0,0,3,1.0,1.0,2.0,4,115.0
0,0,0,4,1.0,1.0,2.0,4,103.0
0,0,0,6,1.0,0.0,1.0,4,130.0
0,10,0,6,2.5,3.0,3.0,4,250.0
0,0,0,5,2.0,3.0,4.0,4,135.0
0,0,0,6,1.0,2.0,2.0,4,211.0
0,7,1,4,1.0,1.0,4.0,4,70.0
0,0,1,1,1.0,1.0,1.0,4,49.0
0,0,0,3,1.0,1.0,2.0,4,75.0
0,0,1,4,3.0,1.0,2.0,4,189.0
0,0,0,6,1.0,3.0,6.0,4,287.0
0,0,1,2,1.0,1.0,2.0,4,65.0
0,0,0,3,1.0,1.0,1.0,4,74.0
0,0,1,2,1.0,1.0,1.0,4,60.0
0,0,0,4,1.0,1.0,1.0,4,100.0
0,10,1,2,1.0,1.0,2.0,4,99.0
0,7,1,2,1.0,1.0,1.0,4,65.0
0,3,0,5,1.0,1.0,3.0,4,112.0
0,8,0,4,1.0,2.0,2.0,4,195.0
0,0,0,2,1.0,1.0,1.0,4,108.0
0,0,0,8,1.0,3.0,4.0,4,250.0
0,0,0,4,1.0,2.0,2.0,4,147.0
0,0,0,4,1.0,1.0,2.0,2,150.0
0,7,1,2,1.0,1.0,1.0,4,99.0
0,0,0,5,1.0,2.0,2.0,4,200.0
0,0,0,2,1.0,1.0,2.0,4,100.0
0,0,1,2,1.0,1.0,1.0,4,85.0
0,0,0,1,1.0,1.0,1.0,4,120.0
0,0,1,1,1.0,1.0,1.0,2,56.0
0,7,1,2,1.0,1.0,1.0,4,89.0
0,7,1,2,1.0,1.0,1.0,4,65.0
0,0,0,1,2.0,1.0,1.0,4,110.0
0,0,1,2,1.0,1.0,1.0,4,55.0
29,7,1,4,1.5,1.0,1.0,4,80.0
29,7,1,1,2.0,1.0,1.0,4,45.0
29,0,0,2,1.0,1.0,1.0,4,119.0
6,10,1,1,1.0,1.0,1.0,4,75.0
29,7,1,2,2.0,1.0,2.0,4,160.0
29,7,1,4,1.5,1.0,4.0,4,60.0
29,7,0,9,1.5,3.0,5.0,4,223.0
29,7,1,3,1.5,1.0,3.0,4,65.0
29,7,1,4,1.5,1.0,3.0,4,100.0
29,7,1,1,1.0,1.0,1.0,4,79.0
29,7,1,5,3.5,1.0,2.0,4,55.0
29,0,0,5,1.0,2.0,2.0,4,125.0
29,7,1,2,2.5,1.0,1.0,4,55.0
29,0,0,2,1.0,2.0,2.0,4,120.0
29,0,0,4,1.0,2.0,2.0,4,100.0
29,0,0,2,1.0,0.0,1.0,4,137.0
29,7,1,2,2.5,1.0,1.0,4,65.0
6,0,1,2,1.0,1.0,1.0,4,50.0
29,7,1,2,1.0,1.0,1.0,4,80.0
29,0,0,6,2.0,3.0,3.0,4,245.0
29,7,1,2,1.0,1.0,1.0,4,50.0
29,7,1,4,3.5,1.0,2.0,4,65.0
29,7,1,3,3.5,1.0,2.0,4,65.0
29,7,1,1,1.5,1.0,1.0,4,90.0
29,0,1,2,1.0,1.0,1.0,4,80.0
29,7,1,2,1.0,1.0,1.0,4,100.0
29,7,0,8,1.0,2.0,2.0,4,349.0
29,7,1,2,1.0,1.0,1.0,4,60.0
29,7,1,2,2.0,1.0,1.0,4,45.0
29,7,1,2,1.0,1.0,2.0,4,60.0
6,0,0,3,1.0,1.0,2.0,4,90.0
29,7,1,2,1.5,1.0,1.0,4,70.0
29,7,0,6,1.5,5.0,5.0,4,300.0
29,7,0,6,1.5,3.0,4.0,4,250.0
29,7,1,4,1.0,1.0,2.0,4,100.0
29,0,0,4,1.0,2.0,2.0,4,125.0
29,7,1,2,1.0,1.0,1.0,2,75.0
29,7,0,3,1.0,2.0,2.0,4,100.0
16,7,1,2,1.0,1.0,1.0,4,60.0
16,7,1,2,1.5,1.0,1.0,4,58.0
16,7,1,2,1.0,1.0,1.0,4,105.0
16,7,1,2,1.5,1.0,1.0,4,55.0
16,0,1,2,1.0,1.0,2.0,4,40.0
16,0,1,2,1.0,1.0,1.0,4,47.0
16,8,0,4,1.0,1.0,1.0,4,85.0
16,7,0,8,1.5,4.0,4.0,4,269.0
16,7,1,2,1.0,1.0,1.0,4,55.0
16,7,1,2,1.0,1.0,1.0,3,88.0
16,7,2,1,1.0,1.0,1.0,4,31.0
16,0,1,1,1.0,1.0,1.0,4,45.0
16,7,1,1,0.5,1.0,1.0,4,45.0
16,7,1,2,1.0,1.0,1.0,4,95.0
16,7,1,1,1.0,1.0,1.0,4,50.0
16,0,0,5,1.0,3.0,3.0,4,250.0
16,7,0,6,1.5,3.0,3.0,4,170.0
16,7,1,1,1.5,1.0,1.0,4,50.0
16,7,1,2,1.0,1.0,1.0,4,75.0
16,7,0,8,1.5,4.0,4.0,4,269.0
16,0,1,1,1.0,1.0,1.0,4,55.0
16,0,0,6,2.0,2.0,2.0,4,160.0
16,7,1,1,1.0,1.0,1.0,4,35.0
16,0,1,1,2.0,1.0,1.0,4,70.0
19,0,1,1,1.0,1.0,1.0,4,40.0
8,1,1,2,1.0,1.0,2.0,4,75.0
8,1,1,2,1.0,1.0,2.0,4,75.0
8,7,1,2,1.0,1.0,1.0,4,75.0
8,7,1,2,1.5,1.0,1.0,4,60.0
19,0,1,1,1.0,1.0,1.0,4,44.0
8,0,0,2,1.0,0.0,1.0,4,75.0
8,7,1,2,1.5,1.0,2.0,4,65.0
19,7,1,5,1.0,1.0,1.0,4,105.0
19,7,1,2,1.0,1.0,1.0,4,95.0
8,7,1,1,1.0,1.0,1.0,4,45.0
19,7,1,4,1.0,1.0,2.0,4,115.0
8,7,0,5,1.5,2.0,3.0,4,150.0
8,7,1,1,2.5,1.0,1.0,4,48.0
8,7,1,2,2.5,1.0,1.0,4,50.0
19,7,1,1,1.0,1.0,1.0,4,50.0
8,0,0,3,1.0,1.0,1.0,4,100.0
8,0,0,2,1.0,1.0,1.0,4,99.0
8,0,1,1,1.0,1.0,1.0,4,55.0
8,0,0,4,1.5,2.0,2.0,4,198.0
8,0,1,2,1.0,1.0,1.0,4,55.0
8,7,1,3,1.5,1.0,1.0,4,69.0
23,7,1,2,1.0,1.0,1.0,4,45.0
8,0,1,2,1.0,1.0,1.0,4,55.0
8,7,1,1,2.5,1.0,1.0,4,60.0
8,7,1,4,2.5,1.0,2.0,4,125.0
8,0,0,2,1.0,2.0,2.0,4,120.0
19,10,1,2,1.5,1.0,1.0,4,59.0
8,10,1,1,1.0,1.0,1.0,4,73.0
19,7,1,5,2.0,1.0,1.0,4,40.0
8,0,0,2,1.0,2.0,2.0,4,120.0
8,7,1,2,0.0,1.0,1.0,4,50.0
8,0,1,2,1.0,1.0,1.0,4,65.0
8,7,1,4,1.5,1.0,1.0,4,88.0
8,0,2,1,2.0,1.0,1.0,1,60.0
8,0,0,10,2.0,5.0,7.0,4,225.0
8,0,0,4,1.0,2.0,2.0,4,250.0
8,7,1,3,1.5,1.0,1.0,4,65.0
8,7,1,2,1.5,1.0,1.0,4,70.0
8,0,1,2,1.0,1.0,1.0,4,80.0
8,7,1,4,2.0,1.0,1.0,4,81.0
8,0,1,3,1.0,1.0,2.0,4,100.0
8,7,1,1,1.0,1.0,1.0,4,79.0
8,7,1,6,2.5,1.0,4.0,4,325.0
8,7,0,6,1.0,3.0,3.0,4,84.0
8,0,1,3,1.0,1.0,2.0,4,70.0
8,0,1,2,1.0,1.0,1.0,4,74.0
8,0,1,2,1.0,1.0,1.0,4,70.0
8,7,1,4,2.5,1.0,2.0,4,65.0
8,7,1,2,1.5,1.0,1.0,4,70.0
8,7,1,2,2.0,1.0,1.0,4,60.0
8,0,1,2,1.0,1.0,2.0,4,90.0
8,0,1,1,1.0,1.0,1.0,4,45.0
8,3,1,2,1.0,1.0,1.0,4,59.0
8,7,1,2,0.0,1.0,0.0,4,57.0
8,7,1,3,2.5,1.0,3.0,4,55.0
8,0,1,2,1.0,1.0,1.0,4,65.0
8,0,1,1,1.0,1.0,1.0,4,70.0
19,7,1,1,1.5,1.0,1.0,4,51.0
8,7,1,3,1.0,1.0,2.0,4,83.0
8,7,1,3,2.0,1.0,2.0,4,75.0
8,7,1,2,2.0,1.0,1.0,4,73.0
8,7,0,4,2.0,2.0,2.0,4,120.0
8,0,1,2,1.0,1.0,1.0,4,105.0
8,0,1,2,1.0,1.0,1.0,4,60.0
8,3,1,2,1.0,1.0,1.0,4,115.0
8,0,1,1,0.0,1.0,1.0,4,60.0
8,0,1,1,1.0,1.0,1.0,4,165.0
19,10,1,2,1.5,1.0,1.0,4,59.0
8,0,1,2,1.0,1.0,1.0,4,90.0
8,7,1,2,1.0,1.0,1.0,4,140.0
8,0,0,4,1.0,3.0,2.0,4,120.0
8,0,1,2,1.0,1.0,1.0,4,65.0
8,3,1,2,1.0,1.0,1.0,2,70.0
8,7,1,2,1.0,1.0,1.0,4,100.0
8,7,1,2,1.0,1.0,1.0,4,65.0
19,7,1,2,1.0,1.0,1.0,4,55.0
19,0,0,4,1.0,3.0,4.0,4,179.0
8,0,0,6,1.0,3.0,3.0,4,200.0
8,0,0,3,1.0,1.0,2.0,4,85.0
8,7,1,5,1.0,1.0,2.0,4,75.0
19,0,1,3,1.0,1.0,3.0,4,119.0
8,0,1,2,1.0,1.0,1.0,4,75.0
8,0,0,4,1.0,2.0,3.0,4,109.0
23,7,1,2,1.0,1.0,2.0,4,45.0
8,7,1,3,1.0,1.0,1.0,4,76.0
8,0,1,1,1.0,1.0,1.0,4,45.0
8,0,1,1,1.0,1.0,1.0,4,49.0
8,0,1,1,1.0,1.0,1.0,4,49.0
8,0,0,3,1.0,2.0,2.0,4,96.0
8,3,1,1,1.0,1.0,1.0,4,89.0
8,7,1,5,1.0,1.0,1.0,4,100.0
8,10,1,2,1.0,1.0,2.0,4,55.0
8,7,1,2,1.0,1.0,2.0,4,150.0
8,0,0,2,1.0,1.0,1.0,4,200.0
8,0,1,1,1.0,1.0,1.0,0,35.0
8,0,1,2,1.0,1.0,1.0,4,68.0
8,0,1,2,2.0,1.0,1.0,4,80.0
8,0,1,2,1.0,1.0,1.0,4,65.0
8,0,1,2,1.0,1.0,2.0,4,135.0
8,0,1,2,1.0,1.0,1.0,4,69.0
8,0,1,2,1.0,1.0,1.0,4,50.0
8,7,1,2,1.0,1.0,1.0,4,76.0
23,7,1,3,1.0,1.0,2.0,4,79.0
8,0,1,2,1.0,1.0,1.0,4,100.0
8,7,1,2,2.0,1.0,1.0,4,82.0
8,3,1,2,1.0,1.0,1.0,4,80.0
8,0,0,4,2.0,2.0,2.0,4,160.0
8,0,1,2,1.0,1.0,1.0,4,60.0
8,7,0,2,1.0,1.0,1.0,4,95.0
8,0,0,6,1.0,2.0,3.0,4,144.0
8,0,1,1,1.0,1.0,1.0,4,45.0
8,0,1,1,1.0,1.0,1.0,0,100.0
8,0,1,2,1.0,1.0,1.0,4,135.0
8,0,0,3,1.0,2.0,2.0,4,150.0
8,0,1,2,1.0,1.0,1.0,2,44.0
8,7,1,2,1.5,1.0,2.0,4,65.0
8,3,0,5,1.0,2.0,2.0,4,189.0
8,0,1,2,1.0,1.0,1.0,4,55.0
8,7,1,2,1.5,1.0,1.0,4,65.0
23,3,1,2,1.0,1.0,1.0,4,65.0
8,0,1,1,1.0,1.0,1.0,4,49.0
8,0,1,2,1.0,1.0,1.0,4,45.0
8,0,1,1,1.0,1.0,1.0,4,60.0
8,0,1,2,1.0,1.0,1.0,4,55.0
8,0,1,2,1.0,1.0,1.0,4,65.0
8,0,1,2,1.0,1.0,1.0,4,70.0
19,7,1,1,1.0,1.0,1.0,4,40.0
8,7,2,1,1.0,1.0,1.0,3,80.0
8,5,0,6,1.0,2.0,3.0,4,153.0
19,7,1,1,1.0,1.0,1.0,4,45.0
8,0,0,9,1.0,3.0,5.0,4,160.0
8,0,0,4,1.0,2.0,2.0,4,125.0
8,0,1,1,1.0,1.0,1.0,4,63.0
8,0,1,1,1.0,1.0,1.0,4,49.0
19,0,1,2,1.0,1.0,2.0,4,72.0
8,0,0,5,1.0,2.0,2.0,4,130.0
19,0,1,1,1.0,1.0,1.0,4,56.0
8,0,1,1,1.0,1.0,1.0,4,70.0
8,7,0,9,2.0,4.0,4.0,4,175.0
8,0,0,6,1.5,3.0,2.0,4,300.0
8,0,0,5,1.0,2.0,3.0,4,125.0
8,0,1,2,1.0,1.0,1.0,4,80.0
8,0,1,1,1.0,1.0,1.0,4,100.0
8,0,1,2,1.0,1.0,1.0,4,65.0
8,0,1,2,1.0,1.0,1.0,4,72.0
8,0,1,2,1.0,1.0,1.0,4,68.0
8,7,1,2,2.5,1.0,1.0,4,70.0
8,0,0,4,1.0,2.0,2.0,4,125.0
8,3,0,4,2.0,2.0,2.0,4,150.0
8,0,1,1,1.0,1.0,1.0,4,65.0
8,0,1,1,1.0,1.0,1.0,4,70.0
19,7,1,2,1.5,1.0,1.0,0,52.0
8,0,0,6,1.0,3.0,3.0,4,165.0
8,0,1,2,1.0,1.0,1.0,4,80.0
8,0,1,2,1.0,1.0,2.0,4,135.0
8,10,1,2,1.0,1.0,1.0,4,60.0
8,7,1,3,1.5,1.0,2.0,4,35.0
8,0,1,1,1.0,1.0,1.0,4,46.0
8,0,1,2,1.0,1.0,2.0,4,100.0
8,7,1,1,1.0,1.0,1.0,4,47.0
8,7,1,4,1.0,1.0,2.0,4,96.0
8,0,0,6,1.0,3.0,3.0,4,126.0
8,7,1,3,2.0,1.0,2.0,4,77.0
8,10,0,6,1.5,2.0,2.0,4,165.0
8,0,0,6,1.0,2.0,4.0,4,142.0
8,0,0,4,1.0,2.0,2.0,4,175.0
8,0,1,1,1.0,1.0,1.0,4,59.0
8,1,0,4,1.5,2.0,2.0,4,135.0
8,0,1,1,1.0,1.0,1.0,4,39.0
8,8,0,2,1.0,1.0,1.0,4,250.0
23,7,1,4,1.0,1.0,2.0,4,88.0
8,7,1,2,1.5,1.0,1.0,4,60.0
8,7,1,3,2.0,1.0,3.0,4,68.0
8,0,1,1,1.0,1.0,1.0,4,56.0
8,7,1,3,1.5,1.0,1.0,4,79.0
8,7,1,3,2.0,1.0,2.0,4,63.0
8,0,1,1,1.0,1.0,1.0,4,55.0
8,1,1,2,2.5,1.0,1.0,4,100.0
8,7,0,4,1.0,1.0,3.0,4,150.0
8,7,0,6,3.0,3.0,3.0,4,300.0
8,0,0,6,2.5,2.0,3.0,4,168.0
8,7,1,2,1.0,1.0,1.0,4,150.0
8,7,1,2,1.0,1.0,1.0,4,79.0
8,7,1,1,1.0,1.0,1.0,4,73.0
19,7,1,2,1.0,1.0,1.0,0,65.0
8,0,0,6,2.5,3.0,3.0,4,275.0
8,7,1,2,2.0,1.0,1.0,4,78.0
8,0,1,1,1.0,1.0,1.0,4,52.0
8,0,1,2,1.0,1.0,1.0,4,39.0
23,0,1,2,1.0,1.0,1.0,4,100.0
8,0,1,2,1.0,1.0,1.0,4,60.0
8,7,1,2,2.5,1.0,1.0,4,65.0
8,3,0,4,1.0,2.0,2.0,4,100.0
8,0,1,2,1.0,1.0,1.0,4,60.0
8,0,1,1,1.0,1.0,1.0,0,40.0
8,0,0,4,1.0,2.0,2.0,4,175.0
8,3,1,2,1.0,1.0,1.0,4,108.0
8,7,1,2,1.0,1.0,1.0,4,65.0
8,0,0,4,1.0,2.0,2.0,4,144.0
8,7,1,3,1.5,1.0,1.0,4,79.0
8,3,1,1,1.0,1.0,1.0,4,60.0
8,7,1,2,1.0,1.0,1.0,4,150.0
8,0,1,2,1.0,1.0,1.0,4,80.0
8,7,0,14,2.5,5.0,8.0,4,395.0
8,0,1,1,1.0,1.0,1.0,4,55.0
8,0,0,6,1.0,3.0,3.0,4,164.0
8,0,1,1,1.0,1.0,1.0,4,70.0
8,0,1,1,1.0,1.0,1.0,4,58.0
8,3,0,4,1.0,3.0,3.0,4,150.0
8,0,1,1,1.0,1.0,1.0,4,76.0
8,0,0,4,1.0,1.0,1.0,4,130.0
8,0,0,4,2.0,2.0,2.0,4,180.0
8,0,1,1,1.0,1.0,1.0,4,35.0
8,3,2,1,1.0,1.0,1.0,4,51.0
8,7,0,8,2.0,4.0,4.0,4,225.0
8,0,2,1,1.0,1.0,1.0,4,29.0
8,0,0,7,1.0,3.0,4.0,4,199.0
8,7,1,2,2.5,1.0,1.0,2,75.0
8,7,0,5,1.0,3.0,3.0,4,84.0
25,0,0,3,1.0,1.0,1.0,4,169.0
25,0,0,4,2.0,2.0,2.0,4,129.0
25,3,0,2,1.0,1.0,2.0,4,200.0
25,0,1,2,1.0,1.0,1.0,0,125.0
25,0,0,6,1.0,2.0,2.0,4,295.0
25,0,0,5,2.0,2.0,2.0,4,349.0
25,0,0,3,1.0,1.0,1.0,4,189.0
25,0,0,5,2.0,2.0,2.0,4,199.0
25,0,0,3,1.0,1.0,1.0,4,169.0
25,0,0,5,5.0,2.0,2.0,4,399.0
25,8,0,2,1.0,1.0,1.0,4,250.0
25,0,0,4,1.0,1.0,2.0,4,229.0
25,0,0,4,2.0,2.0,2.0,4,3000.0
25,0,0,3,1.0,1.0,1.0,4,169.0
25,0,0,3,1.0,1.0,1.0,4,199.0
25,8,0,2,1.0,0.0,1.0,4,209.0
25,0,0,2,1.0,1.0,1.0,4,299.0
25,0,0,6,2.0,3.0,4.0,4,389.0
25,0,0,5,2.0,2.0,3.0,4,603.0
25,0,0,4,2.0,2.0,3.0,4,500.0
25,0,0,6,3.0,3.0,4.0,4,600.0
25,0,0,3,1.0,1.0,1.0,4,169.0
25,0,0,2,1.0,1.0,1.0,4,295.0
25,0,0,3,1.0,1.0,1.0,4,214.0
25,0,0,3,1.0,1.0,1.0,4,169.0
25,0,0,4,2.0,2.0,2.0,4,400.0
25,0,1,2,1.0,1.0,1.0,4,145.0
25,0,0,6,2.0,3.0,3.0,4,379.0
25,0,0,3,1.0,1.0,1.0,4,169.0
25,0,0,6,2.0,3.0,3.0,4,279.0
25,0,0,6,2.0,3.0,2.0,4,279.0
25,0,0,4,2.0,2.0,2.0,4,200.0
25,0,1,2,1.0,1.0,1.0,4,179.0
25,0,0,6,2.0,3.0,3.0,4,279.0
25,0,0,3,1.0,1.0,1.0,4,350.0
25,8,0,3,1.0,0.0,1.0,4,185.0
25,0,0,5,2.0,2.0,2.0,4,199.0
25,0,0,3,1.0,1.0,2.0,4,285.0
25,0,0,6,2.0,3.0,3.0,4,279.0
25,3,0,4,2.0,2.0,2.0,4,390.0
25,0,1,2,1.0,1.0,1.0,4,125.0
25,0,0,5,2.0,2.0,3.0,4,361.0
25,0,1,2,1.0,1.0,1.0,4,500.0
25,0,0,4,1.0,1.0,1.0,4,249.0
25,7,1,2,1.0,1.0,1.0,4,115.0
25,0,0,2,1.0,1.0,1.0,4,180.0
25,0,0,2,1.0,1.0,1.0,4,1250.0
25,0,0,6,2.0,3.0,4.0,4,506.0
25,0,0,6,1.0,2.0,2.0,4,250.0
25,0,0,3,1.0,1.0,2.0,4,285.0
25,0,0,2,1.0,0.0,1.0,4,190.0
25,0,0,5,2.0,2.0,3.0,4,603.0
25,0,0,5,2.0,2.0,2.0,4,400.0
25,0,0,5,2.0,2.0,3.0,4,402.0
25,0,0,4,1.0,1.0,1.0,3,249.0
25,0,0,6,2.0,3.0,4.0,4,506.0
25,0,0,4,1.0,1.0,1.0,4,200.0
25,0,0,2,1.0,0.0,1.0,4,175.0
25,0,0,4,1.0,1.0,2.0,4,225.0
25,0,0,4,1.0,1.0,2.0,4,199.0
25,0,0,2,1.0,0.0,1.0,4,245.0
25,0,0,3,1.0,0.0,1.0,4,199.0
25,9,1,2,6.0,1.0,1.0,4,220.0
25,0,0,5,2.0,2.0,2.0,4,240.0
25,0,0,4,1.0,1.0,1.0,4,189.0
25,3,0,4,2.0,2.0,2.0,4,700.0
25,7,1,2,1.0,1.0,1.0,4,75.0
25,0,1,3,1.0,1.0,1.0,4,109.0
25,0,1,2,1.0,1.0,1.0,4,119.0
25,0,1,2,1.0,1.0,1.0,4,100.0
25,0,1,2,1.0,1.0,1.0,4,99.0
25,7,1,2,1.0,1.0,1.0,4,65.0
25,7,2,2,1.0,1.0,1.0,4,75.0
25,0,1,4,1.0,1.0,2.0,2,45.0
25,7,1,2,1.0,1.0,1.0,4,128.0
25,7,1,2,1.0,1.0,1.0,4,118.0
25,0,1,2,1.0,1.0,1.0,4,135.0
25,0,0,7,1.0,2.0,5.0,4,250.0
25,3,0,5,2.0,2.0,2.0,4,300.0
25,7,1,1,1.0,1.0,1.0,4,95.0
25,3,0,3,1.0,1.0,1.0,4,189.0
25,0,1,2,1.0,1.0,1.0,4,125.0
25,3,0,4,1.0,2.0,2.0,4,99.0
25,7,1,2,2.0,1.0,1.0,4,130.0
25,0,0,5,1.0,2.0,2.0,4,250.0
25,3,0,3,1.0,1.0,2.0,4,147.0
25,0,0,6,2.0,3.0,6.0,4,299.0
25,7,0,5,1.5,2.0,2.0,4,140.0
25,3,0,2,1.0,1.0,1.0,4,170.0
25,3,0,3,1.0,1.0,1.0,4,180.0
25,0,0,4,1.0,1.0,2.0,4,300.0
25,0,0,3,1.0,2.0,2.0,4,119.0
25,0,1,2,1.0,1.0,1.0,2,110.0
25,0,2,1,1.0,1.0,1.0,0,159.0
25,3,1,1,1.0,1.0,1.0,4,100.0
25,0,0,8,2.0,4.0,4.0,4,500.0
25,7,0,2,1.0,1.0,1.0,4,190.0
25,7,1,2,1.5,1.0,1.0,4,130.0
25,3,1,2,1.0,1.0,1.0,4,110.0
25,7,1,2,2.5,1.0,1.0,4,125.0
25,3,0,3,1.0,1.0,1.0,4,150.0
25,0,0,2,1.0,1.0,1.0,4,160.0
25,3,0,4,2.0,2.0,2.0,4,250.0
25,0,0,1,1.0,1.0,1.0,4,134.0
25,0,1,1,1.0,1.0,1.0,4,105.0
25,0,1,3,1.0,1.0,2.0,4,150.0
25,0,0,3,1.0,2.0,2.0,4,200.0
25,0,0,7,1.0,3.0,3.0,4,275.0
25,7,0,6,2.5,3.0,3.0,4,450.0
25,0,0,3,1.0,1.0,1.0,4,150.0
25,7,1,2,1.0,1.0,1.0,4,105.0
25,7,1,2,1.0,1.0,1.0,4,75.0
25,0,0,4,1.0,1.0,1.0,4,143.0
25,10,1,2,1.5,1.0,1.0,4,130.0
25,3,1,2,2.0,1.0,1.0,4,120.0
25,7,0,10,2.0,3.0,7.0,4,199.0
25,3,2,1,1.0,1.0,1.0,3,89.0
25,3,0,4,2.0,2.0,2.0,4,250.0
25,0,0,2,1.0,1.0,1.0,4,175.0
25,0,0,4,1.0,2.0,2.0,4,200.0
25,7,0,10,1.5,3.0,3.0,4,225.0
25,0,0,4,1.0,2.0,2.0,4,245.0
25,0,1,1,1.0,1.0,1.0,4,85.0
25,0,0,2,1.0,0.0,1.0,4,300.0
25,3,1,2,1.0,1.0,1.0,4,128.0
25,3,0,6,2.0,2.0,2.0,4,175.0
25,0,0,4,1.0,2.0,2.0,4,185.0
25,3,0,4,2.0,2.0,3.0,4,159.0
25,0,1,3,1.0,1.0,2.0,4,115.0
25,0,0,2,1.0,1.0,1.0,4,149.0
25,0,0,4,1.0,2.0,1.0,2,159.0
25,0,1,1,1.5,1.0,1.0,4,103.0
25,7,1,2,1.0,1.0,1.0,4,69.0
25,0,0,4,1.0,1.0,1.0,4,220.0
25,0,0,2,2.0,1.0,1.0,4,135.0
25,3,1,2,1.0,1.0,2.0,4,90.0
25,7,1,2,1.0,1.0,1.0,4,75.0
25,0,1,1,1.0,1.0,1.0,4,57.0
25,0,1,2,1.0,1.0,1.0,4,90.0
25,7,0,7,2.5,4.0,4.0,4,391.0
25,3,0,4,2.0,2.0,2.0,4,280.0
25,7,0,5,2.0,2.0,3.0,4,350.0
25,7,0,10,1.5,5.0,6.0,4,700.0
25,8,1,1,1.0,1.0,1.0,4,150.0
25,0,0,2,1.0,1.0,1.0,4,175.0
25,3,0,4,1.0,2.0,2.0,4,99.0
25,7,1,2,1.0,1.0,1.0,4,150.0
25,0,0,4,2.0,2.0,2.0,4,250.0
25,10,0,14,2.0,5.0,8.0,4,299.0
25,0,0,2,1.0,1.0,1.0,4,150.0
25,0,0,3,1.0,1.0,2.0,4,200.0
25,0,0,2,1.0,1.0,1.0,4,150.0
25,0,0,8,4.0,4.0,4.0,4,500.0
25,0,0,4,1.0,2.0,2.0,4,150.0
25,0,0,4,1.0,1.0,1.0,4,189.0
25,3,0,2,1.0,0.0,1.0,4,140.0
25,0,0,2,1.0,1.0,1.0,4,320.0
25,3,1,3,1.0,1.0,1.0,4,200.0
25,3,0,6,2.0,2.0,2.0,4,500.0
25,0,0,3,1.0,1.0,1.0,4,145.0
25,0,0,2,1.0,1.0,1.0,4,140.0
25,0,0,6,1.0,2.0,3.0,4,200.0
25,9,1,2,5.0,1.0,1.0,4,130.0
25,0,0,4,1.0,1.0,2.0,4,150.0
25,0,0,3,1.0,2.0,2.0,4,150.0
25,10,1,2,1.0,1.0,1.0,4,155.0
25,0,0,3,1.0,1.0,1.0,4,120.0
25,9,1,2,6.0,1.0,1.0,4,144.0
25,3,0,2,1.0,1.0,1.0,4,159.0
25,7,0,9,2.0,3.0,5.0,4,1000.0
25,0,0,4,1.0,2.0,2.0,4,165.0
25,0,0,4,1.0,1.0,2.0,4,175.0
25,7,0,4,1.5,2.0,2.0,4,300.0
25,9,1,2,5.0,1.0,1.0,4,105.0
25,7,0,8,2.0,2.0,3.0,4,199.0
25,9,1,2,5.0,1.0,1.0,4,95.0
25,0,1,2,1.0,1.0,1.0,4,100.0
25,0,0,10,2.0,3.0,7.0,4,325.0
25,3,0,6,2.0,2.0,3.0,4,330.0
25,9,1,2,6.0,1.0,1.0,4,144.0
25,0,0,6,1.0,2.0,3.0,4,250.0
25,9,1,2,5.0,1.0,1.0,4,95.0
25,3,1,2,1.0,1.0,1.0,4,118.0
25,0,0,4,2.0,2.0,2.0,4,500.0
25,0,0,6,1.5,2.0,2.0,4,290.0
25,0,0,2,1.0,1.0,1.0,4,225.0
25,10,1,2,2.0,1.0,1.0,4,99.0
25,3,1,5,1.0,1.0,2.0,4,175.0
25,3,1,2,1.0,1.0,1.0,4,125.0
25,7,0,6,2.5,4.0,4.0,4,350.0
25,0,1,3,1.0,1.0,1.0,4,88.0
25,0,0,2,1.0,1.0,1.0,4,150.0
25,0,1,2,1.0,1.0,1.0,4,99.0
25,9,1,2,6.0,1.0,1.0,4,144.0
25,0,1,2,1.0,1.0,1.0,4,100.0
25,10,1,2,2.0,1.0,1.0,4,125.0
25,0,0,4,1.0,2.0,2.0,4,225.0
25,0,0,2,1.0,1.0,1.0,4,150.0
25,10,1,2,2.0,1.0,1.0,4,119.0
25,0,1,1,1.0,1.0,3.0,4,70.0
25,0,0,6,1.0,2.0,3.0,4,300.0
25,0,0,8,1.0,2.0,4.0,4,200.0
25,0,0,11,1.0,3.0,8.0,4,250.0
25,0,1,1,1.0,1.0,2.0,4,169.0
25,0,0,6,1.0,3.0,3.0,4,99.0
25,0,0,11,1.0,3.0,8.0,4,330.0
25,7,0,8,1.0,3.0,4.0,4,99.0
25,0,0,2,1.0,1.0,1.0,4,140.0
25,0,1,2,1.0,1.0,1.0,4,80.0
25,0,0,2,1.0,2.0,2.0,4,250.0
25,3,0,6,1.0,1.0,4.0,4,225.0
25,0,0,5,2.0,2.0,2.0,4,250.0
25,0,0,7,2.0,2.0,4.0,4,225.0
25,7,0,4,1.0,1.0,1.0,4,156.0
25,7,0,3,1.0,1.0,2.0,4,175.0
0,7,1,2,1.0,1.0,1.0,4,100.0
0,0,1,2,1.0,1.0,1.0,4,103.0
0,0,0,4,1.0,1.0,2.0,4,110.0
0,0,1,2,0.0,1.0,1.0,4,60.0
0,0,0,2,1.0,0.0,1.0,4,175.0
0,0,1,2,1.0,1.0,1.0,4,50.0
0,0,0,4,1.0,1.0,2.0,4,100.0
0,0,0,7,1.0,2.0,3.0,4,260.0
0,0,1,2,1.0,1.0,1.0,4,85.0
0,0,1,2,1.0,1.0,1.0,4,93.0
0,0,1,1,1.0,1.0,1.0,4,40.0
0,7,1,1,2.0,1.0,1.0,2,39.0
0,0,1,2,1.0,1.0,1.0,4,85.0
0,7,1,2,2.0,1.0,1.0,4,75.0
0,0,1,2,1.0,1.0,1.0,4,76.0
0,7,1,1,2.0,1.0,1.0,4,40.0
0,0,1,1,1.0,1.0,1.0,4,50.0
0,7,1,2,2.0,1.0,1.0,4,69.0
0,0,1,1,1.0,1.0,1.0,4,108.0
0,7,1,2,1.0,1.0,1.0,4,119.0
0,7,1,1,1.5,1.0,1.0,4,32.0
0,0,1,2,1.0,1.0,1.0,4,60.0
0,7,1,2,1.0,1.0,1.0,0,130.0
0,3,0,2,1.0,0.0,0.0,4,168.0
0,0,1,1,1.0,1.0,1.0,4,60.0
0,0,1,2,1.0,1.0,1.0,4,40.0
0,3,0,2,1.0,1.0,1.0,4,179.0
0,3,0,6,1.0,3.0,3.0,4,350.0
0,0,1,3,1.0,1.0,2.0,4,70.0
0,0,0,4,2.0,2.0,2.0,4,189.0
0,0,0,3,1.0,1.0,3.0,4,189.0
0,0,0,5,1.0,2.0,2.0,4,524.0
0,0,0,2,1.0,0.0,2.0,4,78.0
0,7,1,2,2.0,1.0,1.0,4,40.0
0,0,0,4,1.0,1.0,2.0,4,210.0
0,0,0,4,1.0,0.0,3.0,4,95.0
0,0,1,1,1.0,1.0,1.0,4,60.0
0,0,0,4,1.0,2.0,2.0,4,145.0
0,0,1,2,2.0,1.0,1.0,4,80.0
0,12,1,2,1.0,1.0,1.0,4,70.0
0,7,1,2,1.0,1.0,2.0,4,119.0
0,7,1,1,1.5,1.0,1.0,4,45.0
0,0,1,2,1.0,1.0,1.0,4,90.0
0,0,0,2,1.0,0.0,1.0,4,100.0
0,0,1,1,2.0,1.0,1.0,4,40.0
0,7,0,8,2.5,4.0,6.0,4,550.0
0,7,1,1,1.5,1.0,1.0,4,39.0
0,0,1,2,1.0,1.0,1.0,4,60.0
0,7,1,1,2.0,1.0,1.0,4,27.0
0,0,1,2,1.0,1.0,2.0,4,60.0
0,0,1,1,2.0,1.0,1.0,4,45.0
0,7,2,1,2.0,1.0,1.0,1,100.0
0,8,0,3,1.0,0.0,2.0,4,130.0
0,0,1,2,1.0,1.0,1.0,4,79.0
0,0,1,1,1.0,1.0,1.0,4,90.0
0,0,1,2,1.0,1.0,1.0,4,58.0
0,3,0,4,1.0,1.0,2.0,4,180.0
0,7,1,2,2.0,1.0,1.0,4,65.0
0,7,1,2,2.0,1.0,1.0,4,67.0
0,0,1,2,1.0,1.0,1.0,4,99.0
0,0,1,2,1.0,1.0,1.0,4,80.0
0,7,1,1,1.5,1.0,1.0,4,50.0
0,0,0,4,1.0,1.0,1.0,4,130.0
0,7,1,2,2.0,1.0,1.0,4,130.0
0,7,1,1,1.0,1.0,1.0,4,35.0
0,0,0,4,1.0,2.0,2.0,4,75.0
0,0,1,1,1.0,1.0,1.0,4,60.0
0,7,1,1,1.5,1.0,1.0,4,58.0
0,0,0,3,1.0,0.0,2.0,4,75.0
0,7,1,2,2.0,1.0,1.0,4,70.0
0,0,0,3,1.0,1.0,1.0,4,295.0
0,0,0,2,1.0,0.0,1.0,4,150.0
0,0,0,2,1.0,1.0,1.0,2,65.0
0,0,0,4,1.0,1.0,1.0,4,175.0
0,0,0,2,1.0,1.0,1.0,4,175.0
0,0,1,4,0.0,1.0,2.0,4,100.0
0,0,0,5,1.0,2.0,4.0,4,250.0
0,0,0,4,1.0,2.0,2.0,4,187.0
0,7,1,2,1.0,1.0,1.0,4,80.0
0,11,1,1,1.0,1.0,1.0,4,115.0
0,7,0,7,1.0,2.0,3.0,4,260.0
0,0,0,5,1.0,2.0,2.0,4,175.0
0,0,1,2,1.0,1.0,1.0,4,80.0
0,3,0,6,2.0,2.0,2.0,4,259.0
0,0,1,1,1.0,1.0,1.0,4,120.0
0,0,1,1,1.0,1.0,1.0,4,90.0
0,0,0,2,1.0,1.0,1.0,4,125.0
0,0,1,2,1.0,1.0,1.0,4,62.0
0,0,2,1,1.0,1.0,1.0,4,47.0
0,0,1,1,1.5,1.0,1.0,4,60.0
0,0,1,2,1.0,1.0,1.0,4,50.0
0,7,1,3,1.0,1.0,2.0,4,70.0
0,7,1,2,2.0,1.0,1.0,4,60.0
0,7,1,2,1.0,1.0,1.0,4,59.0
0,0,1,2,1.0,1.0,1.0,4,50.0
0,0,0,2,1.0,0.0,1.0,4,95.0
0,0,1,2,1.0,1.0,1.0,4,80.0
0,0,0,6,2.0,3.0,3.0,4,169.0
0,7,0,2,1.0,0.0,1.0,4,120.0
0,7,1,2,2.0,1.0,1.0,4,40.0
0,0,0,3,1.0,0.0,1.0,4,79.0
0,0,1,1,1.0,1.0,1.0,4,90.0
0,0,1,2,1.0,1.0,1.0,4,72.0
0,0,1,1,1.0,1.0,1.0,4,32.0
0,0,0,6,2.0,3.0,3.0,4,199.0
0,7,1,2,2.0,1.0,1.0,4,45.0
0,7,0,3,1.0,1.0,2.0,4,65.0
0,3,0,4,2.0,2.0,2.0,4,179.0
0,0,1,2,1.0,1.0,1.0,4,60.0
0,0,1,2,2.0,1.0,1.0,4,80.0
0,7,1,2,1.0,1.0,1.0,2,120.0
0,0,0,2,1.0,1.0,1.0,4,75.0
0,0,1,2,1.0,1.0,1.0,4,100.0
0,7,1,1,1.5,1.0,1.0,4,45.0
0,0,1,2,1.0,1.0,1.0,2,125.0
0,7,1,1,1.5,1.0,1.0,4,50.0
0,7,1,1,1.0,1.0,1.0,4,98.0
0,0,1,2,1.0,1.0,1.0,4,85.0
0,0,1,1,1.0,1.0,1.0,4,50.0
0,0,0,4,1.0,2.0,2.0,4,125.0
0,0,1,2,1.0,1.0,1.0,4,110.0
0,0,0,4,1.0,1.0,1.0,4,79.0
0,0,0,4,1.0,1.0,2.0,4,100.0
0,0,2,2,1.0,1.0,1.0,3,58.0
0,7,1,2,2.0,1.0,1.0,4,80.0
0,0,0,4,2.0,2.0,2.0,4,259.0
0,0,1,2,0.0,1.0,2.0,4,62.0
0,0,1,2,1.0,1.0,1.0,4,95.0
0,7,1,1,1.5,1.0,1.0,4,20.0
0,7,1,2,2.0,1.0,1.0,4,70.0
0,0,0,4,1.0,1.0,2.0,4,125.0
0,0,0,2,1.0,1.0,1.0,4,150.0
0,0,0,2,1.0,0.0,1.0,3,150.0
0,0,1,2,1.0,1.0,1.0,4,70.0
0,0,0,1,1.0,0.0,1.0,2,95.0
0,0,0,6,2.0,3.0,3.0,4,239.0
0,0,0,4,2.0,2.0,2.0,4,199.0
0,7,1,1,1.0,1.0,1.0,4,33.0
0,0,1,2,0.5,1.0,1.0,4,40.0
0,0,1,2,1.0,1.0,1.0,4,89.0
0,0,0,2,1.0,1.0,1.0,4,100.0
0,0,0,5,1.0,1.0,5.0,4,80.0
0,0,1,1,1.5,1.0,1.0,4,58.0
0,0,1,2,1.0,1.0,1.0,4,85.0
0,0,1,2,1.0,1.0,1.0,4,45.0
0,0,0,6,2.0,3.0,3.0,4,209.0
0,0,0,6,2.0,3.0,3.0,4,259.0
0,0,0,2,1.0,1.0,1.0,4,120.0
0,7,1,1,2.0,1.0,1.0,0,45.0
0,0,0,5,1.0,2.0,2.0,4,298.0
0,7,1,1,1.5,1.0,1.0,4,58.0
0,7,1,2,2.5,1.0,1.0,4,80.0
0,0,0,2,1.0,1.0,1.0,4,159.0
0,0,1,4,1.0,1.0,2.0,4,60.0
0,7,0,7,2.0,3.0,3.0,4,279.0
0,0,0,2,1.0,0.0,1.0,4,83.0
0,0,0,4,1.0,1.0,2.0,4,90.0
0,0,1,2,1.0,1.0,1.0,4,75.0
0,0,0,4,1.0,1.0,2.0,4,138.0
0,0,0,2,1.0,1.0,1.0,4,66.0
0,0,0,4,2.0,2.0,2.0,4,199.0
0,0,0,6,2.0,4.0,6.0,4,400.0
0,0,2,2,1.0,1.0,1.0,4,50.0
0,0,1,2,1.0,1.0,1.0,4,89.0
0,0,1,2,1.0,1.0,1.0,4,52.0
0,7,1,2,2.0,1.0,1.0,4,70.0
0,0,0,3,1.0,2.0,2.0,4,139.0
0,0,0,3,1.0,0.0,2.0,4,269.0
0,0,1,2,1.0,1.0,1.0,4,91.0
0,0,1,2,1.0,1.0,1.0,4,70.0
0,7,1,2,2.0,1.0,1.0,4,68.0
0,0,0,5,1.0,2.0,2.0,4,200.0
0,7,1,2,2.0,1.0,1.0,4,130.0
0,0,0,2,1.0,1.0,1.0,4,70.0
0,7,1,2,2.0,1.0,1.0,4,66.0
0,0,1,2,1.0,1.0,1.0,4,50.0
0,7,1,2,1.0,1.0,1.0,4,45.0
0,0,1,2,1.0,1.0,1.0,4,48.0
0,0,0,3,1.0,0.0,1.0,4,125.0
0,7,1,1,1.5,1.0,1.0,4,58.0
0,0,1,2,1.0,1.0,1.0,4,59.0
0,0,0,4,2.0,2.0,2.0,4,239.0
0,0,0,3,1.0,2.0,2.0,4,200.0
0,0,1,1,1.0,1.0,1.0,4,72.0
0,7,1,2,1.0,1.0,1.0,4,128.0
0,0,0,6,2.0,2.0,3.0,4,269.0
0,10,1,2,1.0,1.0,1.0,4,230.0
0,0,1,2,1.0,1.0,1.0,4,50.0
0,0,0,4,1.0,2.0,2.0,4,150.0
0,0,1,2,1.0,1.0,1.0,4,80.0
0,0,1,3,1.0,1.0,2.0,4,67.0
0,0,1,2,2.0,1.0,1.0,4,45.0
0,0,1,1,1.0,1.0,1.0,4,40.0
0,0,1,2,1.0,1.0,1.0,4,69.0
0,0,1,1,1.5,1.0,1.0,4,55.0
0,0,0,5,1.0,2.0,2.0,4,180.0
0,0,0,6,2.0,3.0,3.0,4,279.0
0,0,1,2,1.0,1.0,1.0,4,50.0
0,0,1,2,0.5,1.0,1.0,4,25.0
0,7,2,1,1.5,1.0,1.0,4,60.0
0,0,1,1,1.0,1.0,1.0,2,28.0
0,7,1,4,1.0,1.0,2.0,4,75.0
0,0,0,2,1.0,1.0,1.0,4,129.0
0,0,1,2,1.0,1.0,1.0,4,50.0
3,0,1,1,2.5,1.0,1.0,4,75.0
3,1,1,3,1.0,1.0,1.0,4,155.0
3,0,0,5,2.0,2.0,2.0,4,350.0
4,0,0,8,2.0,3.0,5.0,4,329.0
4,7,1,4,1.0,1.0,3.0,4,140.0
24,0,1,1,2.0,1.0,1.0,4,70.0
4,0,0,4,1.0,2.0,2.0,4,295.0
24,3,1,1,1.0,1.0,1.0,4,80.0
4,7,0,4,1.0,2.0,2.0,4,240.0
24,5,1,2,1.0,1.0,1.0,4,80.0
24,0,1,2,1.0,1.0,1.0,4,80.0
4,0,1,2,1.0,1.0,1.0,4,113.0
4,0,0,3,1.0,1.0,1.0,4,180.0
24,0,2,2,1.0,1.0,1.0,4,47.0
3,0,1,1,1.0,1.0,1.0,4,39.0
24,0,0,7,1.0,3.0,3.0,4,249.0
24,0,0,6,2.0,2.0,3.0,4,199.0
3,0,1,2,1.5,1.0,1.0,4,85.0
15,0,0,10,3.0,5.0,5.0,4,259.0
24,7,1,2,1.0,1.0,1.0,4,72.0
3,0,1,2,1.0,1.0,1.0,4,89.0
15,0,0,9,2.0,5.0,5.0,4,459.0
24,0,1,2,1.0,1.0,1.0,4,65.0
6,10,1,1,1.0,1.0,1.0,4,68.0
24,0,1,2,1.0,1.0,1.0,4,69.0
4,7,1,2,1.0,1.0,1.0,4,124.0
3,0,1,2,1.0,1.0,1.0,4,150.0
3,3,1,2,1.0,1.0,1.0,4,100.0
24,0,1,3,1.0,1.0,1.0,4,69.0
24,0,1,2,1.0,1.0,1.0,4,65.0
24,0,1,2,1.0,1.0,1.0,4,65.0
